provider,function,memory,parameter,timestamp,duration,status,id,billed_duration,billed_units,cost,extra
Amazon,matrix128,128,100,2018-04-24T10:21:06.755Z,198,0,3300692c-47a9-11e8-bb48-497be48f6351,200,0,4.17E-07,{'mem_used': 26}
Amazon,matrix128,128,200,2018-04-24T10:21:09.015Z,657,0,3413110d-47a9-11e8-8fd8-09dce65d4f6f,700,0,1.46E-06,{'mem_used': 27}
Amazon,matrix128,128,300,2018-04-24T10:21:12.057Z,1644,0,354cf11e-47a9-11e8-809c-61f7f2fe08d8,1700,0,3.54E-06,{'mem_used': 29}
Amazon,matrix128,128,400,2018-04-24T10:21:16.657Z,3479,0,36f215ba-47a9-11e8-a87b-f34f9f56cdc1,3500,0,7.29E-06,{'mem_used': 34}
Amazon,matrix128,128,500,2018-04-24T10:21:26.138Z,7809,0,3a045e11-47a9-11e8-a420-9f01a357d962,7900,0,1.65E-05,{'mem_used': 44}
Amazon,matrix128,128,600,2018-04-24T10:21:42.999Z,15526,0,3f772d21-47a9-11e8-bd4a-b989daf4af16,15600,1,3.25E-05,{'mem_used': 52}
Amazon,matrix128,128,700,2018-04-24T10:22:16.873Z,32234,0,49b035dc-47a9-11e8-9ada-4bed065864c9,32300,4,6.73E-05,{'mem_used': 61}
Amazon,matrix128,128,800,2018-04-24T10:23:17.954Z,62872,0,5babf0c6-47a9-11e8-a4c7-43f991e2c490,62900,7,0.000131068,{'mem_used': 54}
Amazon,matrix256,256,100,2018-04-24T10:24:20.342Z,79,0,a671a243-47a9-11e8-9034-dd1b1fff4054,100,0,4.17E-07,{'mem_used': 26}
Amazon,matrix256,256,200,2018-04-24T10:24:21.843Z,308,0,a733b8f0-47a9-11e8-865d-ef91f0d6f889,400,0,1.67E-06,{'mem_used': 27}
Amazon,matrix256,256,300,2018-04-24T10:24:23.822Z,838,0,a810d2b5-47a9-11e8-9356-df21856a3115,900,0,3.75E-06,{'mem_used': 29}
Amazon,matrix256,256,400,2018-04-24T10:24:26.740Z,1757,0,a9424e5e-47a9-11e8-bff9-115d6ba65fa8,1800,0,7.50E-06,{'mem_used': 34}
Amazon,matrix256,256,500,2018-04-24T10:24:32.340Z,3814,0,ab5ec519-47a9-11e8-a43c-ab54a7dbc801,3900,0,1.63E-05,{'mem_used': 44}
Amazon,matrix256,256,600,2018-04-24T10:24:41.562Z,8142,0,ae4913d2-47a9-11e8-900e-c5fac11725cd,8200,2,3.42E-05,{'mem_used': 61}
Amazon,matrix128,128,900,2018-04-24T10:24:52.653Z,127667,0,6da86e3b-47a9-11e8-87e0-0f6642f176d3,127700,15,0.000266095,{'mem_used': 81}
Amazon,matrix256,256,700,2018-04-24T10:24:55.842Z,13150,0,b3d0a2ed-47a9-11e8-98fe-6534f3c0fee1,13200,3,5.50E-05,{'mem_used': 63}
Amazon,matrix256,256,800,2018-04-24T10:25:24.126Z,27145,0,bc5433e5-47a9-11e8-b539-1373ef334526,27200,6,0.000113356,{'mem_used': 70}
Amazon,matrix128,128,1000,2018-04-24T10:26:03.041Z,167566,0,7fa11be3-47a9-11e8-8c10-6da1a6fd2cdd,167600,20,0.000349236,{'mem_used': 56}
Amazon,matrix256,256,900,2018-04-24T10:26:36.761Z,71511,0,cd2cf2a5-47a9-11e8-a9b8-c573c8d92c6f,71600,17,0.000298393,{'mem_used': 74}
Amazon,matrix512,512,100,2018-04-24T10:27:00.264Z,31,0,05c8d450-47aa-11e8-bc58-7b5925b931da,100,0,8.34E-07,{'mem_used': 26}
Amazon,matrix512,512,200,2018-04-24T10:27:01.625Z,176,0,06871b4f-47aa-11e8-be08-5941f7f308a1,200,0,1.67E-06,{'mem_used': 27}
Amazon,matrix512,512,300,2018-04-24T10:27:03.401Z,601,0,0754f21f-47aa-11e8-bc4a-bb2a43a2ed16,700,0,5.83E-06,{'mem_used': 29}
Amazon,matrix512,512,400,2018-04-24T10:27:05.822Z,1226,0,0866feca-47aa-11e8-8879-8b83695ded07,1300,0,1.08E-05,{'mem_used': 34}
Amazon,matrix512,512,500,2018-04-24T10:27:09.930Z,2966,0,09d0ef40-47aa-11e8-b889-f12cc3f9a45a,3000,1,2.50E-05,{'mem_used': 44}
Amazon,matrix512,512,600,2018-04-24T10:27:20.465Z,9235,0,0c5bb835-47aa-11e8-86b0-2d1b75744391,9300,4,7.75E-05,{'mem_used': 61}
Amazon,matrix512,512,700,2018-04-24T10:27:37.761Z,15943,0,12a92ed5-47aa-11e8-a751-e770bd8daccc,16000,8,0.00013336,{'mem_used': 61}
Amazon,matrix512,512,800,2018-04-24T10:28:25.984Z,46024,0,1d7b4439-47aa-11e8-be95-41ab82400912,46100,23,0.000384244,{'mem_used': 91}
Amazon,matrix256,256,1000,2018-04-24T10:28:32.022Z,156399,0,df1aa2d8-47a9-11e8-85b3-bf67181f1bb4,156400,39,0.000651797,{'mem_used': 73}
Amazon,matrix512,512,900,2018-04-24T10:28:42.113Z,31316,0,2fae61da-47aa-11e8-b076-bf17b7e3042e,31400,15,0.000261719,{'mem_used': 73}
Amazon,matrix512,512,1000,2018-04-24T10:29:36.921Z,55717,0,41fc0d48-47aa-11e8-8281-2fe97a48c70c,55800,27,0.000465093,{'mem_used': 91}
Amazon,matrix1024,1024,100,2018-04-24T10:29:45.304Z,15,0,683005e4-47aa-11e8-a2c4-2167dc8a6754,100,0,1.67E-06,{'mem_used': 27}
Amazon,matrix1024,1024,200,2018-04-24T10:29:46.477Z,95,0,68d6a5bc-47aa-11e8-87d0-e3c948e67035,100,0,1.67E-06,{'mem_used': 28}
Amazon,matrix1024,1024,300,2018-04-24T10:29:48.300Z,227,0,69d8ac6c-47aa-11e8-8279-d73b57fbe351,300,0,5.00E-06,{'mem_used': 32}
Amazon,matrix1024,1024,400,2018-04-24T10:29:50.584Z,548,0,6b04f774-47aa-11e8-989b-453582998f28,600,0,1.00E-05,{'mem_used': 39}
Amazon,matrix1024,1024,500,2018-04-24T10:29:52.696Z,883,0,6c138139-47aa-11e8-9ee9-cb7aeb15f33a,900,0,1.50E-05,{'mem_used': 47}
Amazon,matrix1024,1024,600,2018-04-24T10:29:57.195Z,3342,0,6d4ac83a-47aa-11e8-88c8-0d20df2ec426,3400,3,5.67E-05,{'mem_used': 57}
Amazon,matrix1024,1024,700,2018-04-24T10:30:02.343Z,3256,0,7069470f-47aa-11e8-917e-e5ed17e46b92,3300,3,5.50E-05,{'mem_used': 69}
Amazon,matrix1024,1024,800,2018-04-24T10:30:10.300Z,6756,0,7311d17a-47aa-11e8-98fe-6534f3c0fee1,6800,6,0.000113356,{'mem_used': 98}
Amazon,matrix1024,1024,900,2018-04-24T10:30:24.153Z,12712,0,77c48404-47aa-11e8-8321-435d889c2f9a,12800,12,0.000213376,{'mem_used': 102}
Amazon,matrix1024,1024,1000,2018-04-24T10:30:46.012Z,20272,0,804b4983-47aa-11e8-bc90-9b0366e3546d,20300,20,0.000338401,{'mem_used': 102}
Amazon,matrix2048,2048,100,2018-04-24T10:31:21.984Z,18,0,a1cf9bc7-47aa-11e8-b69b-b394b70e8379,100,0,3.33E-06,{'mem_used': 28}
Amazon,matrix2048,2048,200,2018-04-24T10:31:23.179Z,47,0,a281fb86-47aa-11e8-b4ba-59cea1e6210d,100,0,3.33E-06,{'mem_used': 29}
Amazon,matrix2048,2048,300,2018-04-24T10:31:24.440Z,127,0,a335e25e-47aa-11e8-a33a-71cd973791fe,200,0,6.67E-06,{'mem_used': 31}
Amazon,matrix2048,2048,400,2018-04-24T10:31:25.985Z,401,0,a3f78514-47aa-11e8-937a-93c3587e11d8,500,1,1.67E-05,{'mem_used': 36}
Amazon,matrix2048,2048,500,2018-04-24T10:31:27.959Z,781,0,a4eb5ae0-47aa-11e8-82b7-19b65e159585,800,1,2.67E-05,{'mem_used': 46}
Amazon,matrix2048,2048,600,2018-04-24T10:31:33.674Z,2554,0,a7459e0f-47aa-11e8-a8f3-3383b9544a01,2600,5,8.67E-05,{'mem_used': 62}
Amazon,matrix2048,2048,700,2018-04-24T10:31:39.607Z,4443,0,a9ad4f79-47aa-11e8-8524-85c40df82fe5,4500,9,0.00015003,{'mem_used': 70}
Amazon,matrix2048,2048,800,2018-04-24T10:31:48.580Z,7474,0,ad3760e4-47aa-11e8-91a2-87b25fc2bdea,7500,15,0.00025005,{'mem_used': 118}
Amazon,matrix2048,2048,900,2018-04-24T10:32:07.273Z,17140,0,b29a01df-47aa-11e8-b26c-db6539c9c44d,17200,34,0.000573448,{'mem_used': 146}
Amazon,matrix2048,2048,1000,2018-04-24T10:32:21.670Z,12609,0,bde0d225-47aa-11e8-a91c-851cbc579374,12700,25,0.000423418,{'mem_used': 149}
Microsoft,matrix128,128,100,2018-04-24T12:24:58.128Z,36,0,38c8469a-555f-4de0-b969-ccb122dfa20f,36,0,7.20E-08,{}
Microsoft,matrix128,128,200,2018-04-24T12:25:00.571Z,126,0,3ed73771-1bf9-4d21-82ae-e81d6db516d0,126,0,2.52E-07,{}
Microsoft,matrix128,128,300,2018-04-24T12:25:02.619Z,373,0,567cdf30-a552-452c-8871-954890b20e59,373,0,7.46E-07,{}
Microsoft,matrix128,128,400,2018-04-24T12:25:05.086Z,784,0,85e4180d-6ce2-45d0-b9bf-587bfc674b27,784,0,1.57E-06,{}
Microsoft,matrix128,128,500,2018-04-24T12:25:08.365Z,1581,0,2ac81a95-1912-494e-a08b-6a48615a9f3f,1581,0,3.16E-06,{}
Microsoft,matrix128,128,600,2018-04-24T12:25:14.051Z,3653,0,32b8d500-7663-43a0-b13f-c60c16aaa38f,3653,0,7.31E-06,{}
Microsoft,matrix128,128,700,2018-04-24T12:25:23.735Z,8002,0,35289fd2-9032-448a-a699-b8ea484af3f8,8002,1,1.60E-05,{}
Microsoft,matrix128,128,800,2018-04-24T12:25:40.784Z,15411,0,adf92560-0b95-4357-bc33-ccb19094a085,15411,1,3.08E-05,{}
Microsoft,matrix128,128,900,2018-04-24T12:25:42.386Z,21848,0,566a9ef7-d915-4188-8aa0-2d048490c6fa,21848,2,4.37E-05,{}
Microsoft,matrix128,128,1000,2018-04-24T12:26:38.62Z,32831,0,e7a3414b-d745-4bf9-b901-b7c064970a39,32831,4,6.57E-05,{}
Microsoft,matrix256,256,100,2018-04-24T12:28:53.989Z,28,0,e9bc1c5a-2278-4c5c-ab35-12f47a3e894a,28,0,1.12E-07,{}
Microsoft,matrix256,256,200,2018-04-24T12:28:55.754Z,131,0,6cec08fe-73e7-4475-9ba0-724a84599f22,131,0,5.24E-07,{}
Microsoft,matrix256,256,300,2018-04-24T12:28:57.725Z,371,0,3a6bd49f-675a-424f-82a5-96bc1d3756d9,371,0,1.48E-06,{}
Microsoft,matrix256,256,400,2018-04-24T12:29:00.772Z,926,0,272e7539-31a5-4a7d-a382-bacae2f4ad28,926,0,3.70E-06,{}
Microsoft,matrix256,256,500,2018-04-24T12:29:04.372Z,2008,0,c6e7d4cc-7921-4c02-bde9-725169bb9aed,2008,0,8.03E-06,{}
Microsoft,matrix256,256,600,2018-04-24T12:29:10.149Z,4148,0,55e95ec8-b199-439c-bb91-f56f62966590,4148,1,1.66E-05,{}
Microsoft,matrix256,256,700,2018-04-24T12:29:19.709Z,7792,0,d4920b00-009b-4f74-acec-728a4a5107ad,7792,1,3.12E-05,{}
Microsoft,matrix256,256,800,2018-04-24T12:29:36.371Z,14953,0,8b3ca8c6-54a3-4328-98a0-980239d69e23,14953,3,5.98E-05,{}
Microsoft,matrix256,256,900,2018-04-24T12:29:38.235Z,21495,0,587b2f18-f2d8-4ebf-9cef-721d19dc9928,21495,5,8.60E-05,{}
Microsoft,matrix256,256,1000,2018-04-24T12:30:33.698Z,32148,0,740d98c5-e23c-40d5-8e86-80aff269812e,32148,8,0.000128592,{}
Microsoft,matrix512,512,100,2018-04-24T12:32:45.701Z,31,0,9a2eb072-65dc-4181-9df3-f6b41e605b6f,31,0,2.48E-07,{}
Microsoft,matrix512,512,200,2018-04-24T12:32:47.454Z,138,0,46f6cafa-d0b7-4d25-afab-e32364fd6216,138,0,1.10E-06,{}
Microsoft,matrix512,512,300,2018-04-24T12:32:50.021Z,359,0,50da38a7-b978-46dc-b100-1554ea73dd67,359,0,2.87E-06,{}
Microsoft,matrix512,512,400,2018-04-24T12:32:52.603Z,893,0,840fd506-9da4-4190-962c-192ac9995dc9,893,0,7.14E-06,{}
Microsoft,matrix512,512,500,2018-04-24T12:32:56.279Z,1958,0,212f4bcc-a25c-480f-b458-16b0a82d9f99,1958,0,1.57E-05,{}
Microsoft,matrix512,512,600,2018-04-24T12:33:03.188Z,5277,0,b9d56849-f39f-4e83-a193-e1400e3dd27c,5277,2,4.22E-05,{}
Microsoft,matrix512,512,700,2018-04-24T12:33:12.33Z,7552,0,576cd8f5-9edb-4f91-b7c8-794d4f63758c,7552,3,6.04E-05,{}
Microsoft,matrix512,512,800,2018-04-24T12:33:28.643Z,14689,0,74899a44-5b97-4933-b375-0066bccc8082,14689,7,0.000117512,{}
Microsoft,matrix512,512,900,2018-04-24T12:33:52.692Z,22057,0,9b4d462f-c7a1-4332-9a30-6eec4b1818b7,22057,11,0.000176456,{}
Microsoft,matrix512,512,1000,2018-04-24T12:34:32.649Z,38319,0,edf7861a-46f8-464b-891b-7d5e139de047,38319,19,0.000306552,{}
Microsoft,matrix1024,1024,100,2018-04-24T12:36:42.628Z,28,0,ad73982e-b1fd-487a-97b3-9b65e02958c7,28,0,4.48E-07,{}
Microsoft,matrix1024,1024,200,2018-04-24T12:36:44.471Z,154,0,19812b9d-6c7f-474a-8a4f-35b02c0db7c5,154,0,2.46E-06,{}
Microsoft,matrix1024,1024,300,2018-04-24T12:36:46.512Z,359,0,14751bce-b5fb-479d-b7ef-17c17f62b8eb,359,0,5.74E-06,{}
Microsoft,matrix1024,1024,400,2018-04-24T12:36:49.339Z,775,0,d70258ea-0bfe-4f2d-8124-d241dfa6cf7a,775,0,1.24E-05,{}
Microsoft,matrix1024,1024,500,2018-04-24T12:36:52.884Z,1627,0,fe76081f-a682-458c-b21c-6219ab4b2eb9,1627,1,2.60E-05,{}
Microsoft,matrix1024,1024,600,2018-04-24T12:36:58.261Z,3826,0,0b7b5eab-5bb3-4778-bffd-240e5235d195,3826,3,6.12E-05,{}
Microsoft,matrix1024,1024,700,2018-04-24T12:37:08.721Z,8191,0,6fdbf4af-010c-49c3-9c8e-e7b4762edf8c,8191,8,0.000131056,{}
Microsoft,matrix1024,1024,800,2018-04-24T12:37:26.573Z,15684,0,ec507180-f032-4adc-bc9c-1e7abcf06f21,15684,15,0.000250944,{}
Microsoft,matrix1024,1024,900,2018-04-24T12:37:50.757Z,22239,0,773fa43a-7e08-47c1-99d2-aeb04f9b534a,22239,22,0.000355824,{}
Microsoft,matrix1024,1024,1000,2018-04-24T12:38:23.644Z,31252,0,2752616c-99de-40dd-a03f-e1cafeba2ab4,31252,31,0.000500032,{}
Microsoft,matrix2048,2048,100,2018-04-24T12:40:34.326Z,27,0,ef08a789-2189-4f4b-8753-15f99d6bf312,27,0,8.64E-07,{}
Microsoft,matrix2048,2048,200,2018-04-24T12:40:36.089Z,146,0,0a9fd4b8-1add-4605-8072-2bfb589952c2,146,0,4.67E-06,{}
Microsoft,matrix2048,2048,300,2018-04-24T12:40:38.078Z,362,0,3fb1be18-600b-49a8-bd7d-a19fb7d5d381,362,0,1.16E-05,{}
Microsoft,matrix2048,2048,400,2018-04-24T12:40:41.141Z,883,0,15ed1ede-e516-48f6-842c-a3af50fb9973,883,1,2.83E-05,{}
Microsoft,matrix2048,2048,500,2018-04-24T12:40:44.425Z,1640,0,4236beec-4c88-47ac-9fe3-6598fda3c3e6,1640,3,5.25E-05,{}
Microsoft,matrix2048,2048,600,2018-04-24T12:40:49.021Z,2922,0,e192451e-ea5f-426b-b711-194f7faf86fd,2922,5,9.35E-05,{}
Microsoft,matrix2048,2048,700,2018-04-24T12:40:57.752Z,6816,0,3cca585c-10a4-4b5c-9b09-d3d52206f3c8,6816,13,0.000218112,{}
Microsoft,matrix2048,2048,800,2018-04-24T12:41:15.183Z,15159,0,cc7160f0-336a-42fc-8285-b43a14a98ff1,15159,30,0.000485088,{}
Microsoft,matrix2048,2048,900,2018-04-24T12:41:40.841Z,24015,0,1d1af955-748a-4b0d-a177-f3d2eef7e5a3,24015,48,0.00076848,{}
Microsoft,matrix2048,2048,1000,2018-04-24T12:41:42.424Z,31530,0,081e824a-15ac-444c-93d9-39860afb881d,31530,63,0.00100896,{}
Google,matrix128,128,100,2018-04-24T14:59:51.268784008Z,378,0,jaq8vygeghv4,400,0,8.25E-07,{}
Google,matrix128,128,200,2018-04-24T14:59:53.970107762Z,1063,0,jaq89oftn1ko,1100,0,2.27E-06,{}
Google,matrix128,128,300,2018-04-24T14:59:58.273112386Z,2641,0,jaq8yefzl7pe,2700,0,5.57E-06,{}
Google,matrix128,128,400,2018-04-24T15:00:06.573754085Z,6055,0,jaq8zloq2pmg,6100,0,1.26E-05,{}
Google,matrix128,128,500,2018-04-24T15:00:23.5748765Z,14727,0,jaq834vlp2y5,14800,1,3.05E-05,{}
Google,matrix128,128,600,2018-04-24T15:01:04.970887002Z,39039,0,jaq8suod90i2,39100,4,8.06E-05,{}
Google,matrix128,128,700,2018-04-24T15:02:08.569525924Z,61858,0,jaq8edhtu6qz,61900,7,0.000127669,{}
Google,matrix128,128,800,2018-04-24T15:03:47.271778194Z,96440,0,jaq8527nt5y2,96500,12,0.000199031,{}
Google,matrix128,128,900,2018-04-24T15:04:06.607760965Z,15140,0,mn2kptbeemyo,15200,1,3.14E-05,{}
Google,matrix128,128,1000,2018-04-24T15:07:36.971040329Z,208329,0,jaq8pjldukpb,208400,26,0.000429825,{}
Google,matrix256,256,100,2018-04-24T15:16:48.896099995Z,204,0,w2l426wfnuvg,300,0,1.24E-06,{}
Google,matrix256,256,200,2018-04-24T15:16:50.894966355Z,349,0,w2l4e3ukl4sy,400,0,1.65E-06,{}
Google,matrix256,256,300,2018-04-24T15:16:53.807862041Z,1234,0,w2l42zotckc1,1300,0,5.36E-06,{}
Google,matrix256,256,400,2018-04-24T15:16:59.497345598Z,3460,0,w2l43l3lyqr4,3500,0,1.44E-05,{}
Google,matrix256,256,500,2018-04-24T15:17:08.704988228Z,7455,0,w2l40rvmpx09,7500,1,3.09E-05,{}
Google,matrix256,256,600,2018-04-24T15:17:29.907306027Z,19023,0,w2l4ohs3bmmh,19100,4,7.88E-05,{}
Google,matrix256,256,700,2018-04-24T15:18:01.389788383Z,29797,0,w2l4qokwh1et,29800,7,0.000122925,{}
Google,matrix256,256,800,2018-04-24T15:18:40.809263507Z,37763,0,w2l49tx5ahn8,37800,9,0.000155925,{}
Google,matrix256,256,900,2018-04-24T15:19:35.790687826Z,53202,0,w2l4n5r07jpp,53300,13,0.000219862,{}
Google,matrix256,256,1000,2018-04-24T15:20:00.297665001Z,20960,0,okclfqw8xsm3,21000,5,8.66E-05,{}
Google,matrix512,512,100,2018-04-24T15:25:40.068939467Z,27,0,kj23wf94q4bm,100,0,8.25E-07,{}
Google,matrix512,512,200,2018-04-24T15:25:42.054875981Z,283,0,kj2393cdgsgw,300,0,2.48E-06,{}
Google,matrix512,512,300,2018-04-24T15:25:44.285288769Z,587,0,kj23sn1g4c7x,600,0,4.95E-06,{}
Google,matrix512,512,400,2018-04-24T15:25:46.959752758Z,1024,0,kj23bo6k5205,1100,0,9.08E-06,{}
Google,matrix512,512,500,2018-04-24T15:25:52.255735033Z,2953,0,kj23asvjg041,3000,1,2.48E-05,{}
Google,matrix512,512,600,2018-04-24T15:26:01.950946348Z,8033,0,kj23z4237y22,8100,4,6.68E-05,{}
Google,matrix512,512,700,2018-04-24T15:26:17.258907031Z,13686,0,kj23bqo0cbpy,13700,6,0.000113025,{}
Google,matrix512,512,800,2018-04-24T15:26:40.374377035Z,20478,0,kj2340pehgg8,20500,10,0.000169125,{}
Google,matrix512,512,900,2018-04-24T15:26:59.47408165Z,15731,0,elvz1mhm4vir,15800,7,0.00013035,{}
Google,matrix512,512,1000,2018-04-24T15:27:50.979421272Z,49714,0,kj237worieq4,49800,24,0.00041085,{}
Google,matrix1024,1024,100,2018-04-24T15:30:55.380684022Z,110,0,nviq96mxx07h,200,0,3.30E-06,{}
Google,matrix1024,1024,200,2018-04-24T15:30:57.286338386Z,213,0,nviqpqtizvl2,300,0,4.95E-06,{}
Google,matrix1024,1024,300,2018-04-24T15:31:00.276776915Z,493,0,nviqon0tx65x,500,0,8.25E-06,{}
Google,matrix1024,1024,400,2018-04-24T15:31:03.02225482Z,1043,0,nviq5qcs5b0o,1100,1,1.82E-05,{}
Google,matrix1024,1024,500,2018-04-24T15:31:06.775507671Z,2171,0,nviqn3o4uifu,2200,2,3.63E-05,{}
Google,matrix1024,1024,600,2018-04-24T15:31:14.9778524Z,5898,0,nviq5wkhc0h4,5900,5,9.74E-05,{}
Google,matrix1024,1024,700,2018-04-24T15:31:26.559162403Z,9725,0,nviq0jxl6ngj,9800,9,0.0001617,{}
Google,matrix1024,1024,800,2018-04-24T15:31:42.961543082Z,13932,0,nviqcpcmfxw9,14000,14,0.000231,{}
Google,matrix1024,1024,900,2018-04-24T15:32:05.487900056Z,20915,0,nviqhkq8f918,21000,21,0.0003465,{}
Google,matrix1024,1024,1000,2018-04-24T15:32:40.184804242Z,33104,0,nviqv4u9jhnt,33200,33,0.0005478,{}
Google,matrix2048,2048,100,2018-04-24T15:34:25.097785879Z,65,0,ppngbxc7w2so,100,0,3.30E-06,{}
Google,matrix2048,2048,200,2018-04-24T15:34:26.865045687Z,124,0,ppng1qv5mxjd,200,0,6.60E-06,{}
Google,matrix2048,2048,300,2018-04-24T15:34:29.89721465Z,262,0,ppngknugck34,300,0,9.90E-06,{}
Google,matrix2048,2048,400,2018-04-24T15:34:32.10632783Z,539,0,ppnggugrikl7,600,1,1.98E-05,{}
Google,matrix2048,2048,500,2018-04-24T15:34:35.362839357Z,1642,0,ppng0tafdwv0,1700,3,5.61E-05,{}
Google,matrix2048,2048,600,2018-04-24T15:34:42.115918503Z,5101,0,ppngyg5y6e8h,5200,10,0.0001716,{}
Google,matrix2048,2048,700,2018-04-24T15:34:51.46200751Z,7704,0,ppngpf0altnw,7800,15,0.0002574,{}
Google,matrix2048,2048,800,2018-04-24T15:35:04.274561192Z,11140,0,ppng76g3ieor,11200,22,0.0003696,{}
Google,matrix2048,2048,900,2018-04-24T15:35:21.519763822Z,15610,0,ppngknop7dvo,15700,31,0.0005181,{}
Google,matrix2048,2048,1000,2018-04-24T15:35:46.96771027Z,23556,0,ppng9z11mizi,23600,47,0.0007788,{}
IBM,matrix128,128,100,2018-04-24T16:59:33Z,19,0,0cc540eba3f7429e8540eba3f7429ece,100,0,2.13E-07,{}
IBM,matrix128,128,200,2018-04-24T16:59:34Z,79,0,5b89d46c79e24f1f89d46c79e2cf1fd5,100,0,2.13E-07,{}
IBM,matrix128,128,300,2018-04-24T16:59:35Z,218,0,b4cd5ca6d9c44b978d5ca6d9c46b97d9,300,0,6.37E-07,{}
IBM,matrix128,128,400,2018-04-24T16:59:36Z,333,0,464ede1a8f9348f08ede1a8f9308f067,400,0,8.50E-07,{}
IBM,matrix128,128,500,2018-04-24T16:59:37Z,666,0,7f61dbb396e44c0aa1dbb396e42c0a81,700,0,1.49E-06,{}
IBM,matrix128,128,600,2018-04-24T16:59:39Z,1345,0,07ca2e2fd70147018a2e2fd7016701fa,1400,0,2.98E-06,{}
IBM,matrix128,128,700,2018-04-24T16:59:41Z,2047,0,07eb8bb6f9384fccab8bb6f9387fcc01,2100,0,4.46E-06,{}
IBM,matrix128,128,800,2018-04-24T16:59:45Z,2716,0,f03d682376f44b8abd682376f42b8a4b,2800,0,5.95E-06,{}
IBM,matrix128,128,900,2018-04-24T16:59:49Z,4483,0,6f8ab43e571242a38ab43e571272a39d,4500,0,9.56E-06,{}
IBM,matrix128,128,1000,2018-04-24T16:59:54Z,6449,0,a2e08f06178f4bcca08f06178f7bcc55,6500,0,1.38E-05,{}
IBM,matrix256,256,100,2018-04-24T17:00:35Z,23,0,c365a1932fce4d4ea5a1932fcecd4eb3,100,0,4.25E-07,{}
IBM,matrix256,256,200,2018-04-24T17:00:36Z,77,0,7cd285d84fe848719285d84fe8287176,100,0,4.25E-07,{}
IBM,matrix256,256,300,2018-04-24T17:00:37Z,171,0,96fdb4f001324aefbdb4f00132caefad,200,0,8.50E-07,{}
IBM,matrix256,256,400,2018-04-24T17:00:39Z,349,0,5e76de46072e4d7db6de46072edd7d54,400,0,1.70E-06,{}
IBM,matrix256,256,500,2018-04-24T17:00:41Z,656,0,a628e67519164e31a8e67519164e31e6,700,0,2.98E-06,{}
IBM,matrix256,256,600,2018-04-24T17:00:42Z,1427,0,a99bed556f02496d9bed556f02496d9c,1500,0,6.38E-06,{}
IBM,matrix256,256,700,2018-04-24T17:00:45Z,2107,0,e64143146b7d41e58143146b7d81e5d0,2200,0,9.35E-06,{}
IBM,matrix256,256,800,2018-04-24T17:00:49Z,2994,0,8979eb64778a4303b9eb64778aa3035c,3000,0,1.28E-05,{}
IBM,matrix256,256,900,2018-04-24T17:00:53Z,4513,0,942070f7b03e4b8ba070f7b03ebb8b7f,4600,1,1.96E-05,{}
IBM,matrix256,256,1000,2018-04-24T17:00:59Z,6773,0,c1a63e929c484c8ca63e929c486c8c0a,6800,1,2.89E-05,{}
IBM,matrix512,512,100,2018-04-24T17:01:43Z,21,0,f214edd7902e450194edd7902e0501de,100,0,8.50E-07,{}
IBM,matrix512,512,200,2018-04-24T17:01:44Z,73,0,3e7cbed3b33e4292bcbed3b33e029250,100,0,8.50E-07,{}
IBM,matrix512,512,300,2018-04-24T17:01:46Z,218,0,216513ef50284b21a513ef5028db214a,300,0,2.55E-06,{}
IBM,matrix512,512,400,2018-04-24T17:01:47Z,336,0,89d271c1738848959271c17388989548,400,0,3.40E-06,{}
IBM,matrix512,512,500,2018-04-24T17:01:49Z,707,0,2f1298f1f2924df69298f1f2926df655,800,0,6.80E-06,{}
IBM,matrix512,512,600,2018-04-24T17:01:51Z,1413,0,6a689473eecf4d79a89473eecf9d794f,1500,0,1.28E-05,{}
IBM,matrix512,512,700,2018-04-24T17:01:55Z,2145,0,d46c6319b9654934ac6319b9655934a8,2200,1,1.87E-05,{}
IBM,matrix512,512,800,2018-04-24T17:01:58Z,2938,0,9694214e24ec42c394214e24ec62c38d,3000,1,2.55E-05,{}
IBM,matrix512,512,900,2018-04-24T17:02:03Z,5092,0,cb22969896464613a296989646a61321,5100,2,4.34E-05,{}
IBM,matrix512,512,1000,2018-04-24T17:02:09Z,7563,0,c511519775554fa29151977555efa26f,7600,3,6.46E-05,{}
IBM,matrix1024,1024,100,2018-04-24T17:03:02Z,21,0,47ea4034a1b647b0aa4034a1b607b062,100,0,1.70E-06,{}
IBM,matrix1024,1024,200,2018-04-24T17:03:03Z,70,0,04061b01bcf84878861b01bcf8a87853,100,0,1.70E-06,{}
IBM,matrix1024,1024,300,2018-04-24T17:03:04Z,224,0,1bf184720ff94bebb184720ff9cbeb33,300,0,5.10E-06,{}
IBM,matrix1024,1024,400,2018-04-24T17:03:05Z,327,0,cb9152a5d2ca46729152a5d2ca867272,400,0,6.80E-06,{}
IBM,matrix1024,1024,500,2018-04-24T17:03:07Z,694,0,e99355bb7ccd4a7d9355bb7ccdca7d40,700,0,1.19E-05,{}
IBM,matrix1024,1024,600,2018-04-24T17:03:09Z,1412,0,7483a380b17e4e4483a380b17e7e4489,1500,1,2.55E-05,{}
IBM,matrix1024,1024,700,2018-04-24T17:03:11Z,2053,0,03d5154ca1c34d4395154ca1c35d4340,2100,2,3.57E-05,{}
IBM,matrix1024,1024,800,2018-04-24T17:03:14Z,2819,0,9e88404aeeb1411b88404aeeb1011b52,2900,2,4.93E-05,{}
IBM,matrix1024,1024,900,2018-04-24T17:03:19Z,4413,0,f5343537c91d4b1db43537c91dfb1d96,4500,4,7.65E-05,{}
IBM,matrix1024,1024,1000,2018-04-24T17:03:24Z,6535,0,deab50dd4c424c02ab50dd4c428c02f7,6600,6,0.0001122,{}
IBM,matrix2048,2048,100,2018-04-24T17:04:06Z,26,0,6e7fed1621fa4ae5bfed1621faeae5af,100,0,3.40E-06,{}
IBM,matrix2048,2048,200,2018-04-24T17:04:08Z,76,0,8045d4ff4af44a0d85d4ff4af42a0dd3,100,0,3.40E-06,{}
IBM,matrix2048,2048,300,2018-04-24T17:04:09Z,225,0,d292583df3cc47bc92583df3cc07bcbe,300,0,1.02E-05,{}
IBM,matrix2048,2048,400,2018-04-24T17:04:11Z,345,0,1124eaa81ee34e13a4eaa81ee34e1354,400,0,1.36E-05,{}
IBM,matrix2048,2048,500,2018-04-24T17:04:12Z,692,0,c6de8d14335c4de79e8d14335cbde703,700,1,2.38E-05,{}
IBM,matrix2048,2048,600,2018-04-24T17:04:14Z,1369,0,40e636cdc4704a93a636cdc4702a93b8,1400,2,4.76E-05,{}
IBM,matrix2048,2048,700,2018-04-24T17:04:16Z,2057,0,d1a9ddcbb8d742a5a9ddcbb8d7b2a5ce,2100,4,7.14E-05,{}
IBM,matrix2048,2048,800,2018-04-24T17:04:20Z,2901,0,a20492ef68ee433d8492ef68eec33dfa,3000,6,0.000102,{}
IBM,matrix2048,2048,900,2018-04-24T17:04:24Z,4663,0,bccb7af60e9d4d3c8b7af60e9d2d3c65,4700,9,0.0001598,{}
IBM,matrix2048,2048,1000,2018-04-24T17:04:30Z,6650,0,fb0b3057d0ec44348b3057d0ec443412,6700,13,0.0002278,{}
openWhisk,matrix128,128,100,2018-04-25T08:22:55Z,62,0,8581b586fee949d681b586fee999d6be,100,0,2.13E-07,{}
openWhisk,matrix128,128,200,2018-04-25T08:22:55Z,69,0,6db312ff496146edb312ff4961c6edcf,100,0,2.13E-07,{}
openWhisk,matrix128,128,300,2018-04-25T08:22:55Z,191,0,433d1c594c454f54bd1c594c456f541f,200,0,4.25E-07,{}
openWhisk,matrix128,128,400,2018-04-25T08:22:55Z,340,0,656d6a2319224282ad6a231922f28284,400,0,8.50E-07,{}
openWhisk,matrix128,128,500,2018-04-25T08:22:56Z,839,0,ff148123cbc742c3948123cbc772c3f1,900,0,1.91E-06,{}
openWhisk,matrix128,128,600,2018-04-25T08:22:57Z,1594,0,f4b402fffa89499bb402fffa89999b6e,1600,0,3.40E-06,{}
openWhisk,matrix128,128,700,2018-04-25T08:22:59Z,3419,0,7bf56492aa524d76b56492aa52cd76ad,3500,0,7.44E-06,{}
openWhisk,matrix128,128,800,2018-04-25T08:23:03Z,3980,0,23f20e168bf040abb20e168bf070ab6b,4000,0,8.50E-06,{}
openWhisk,matrix128,128,900,2018-04-25T08:23:07Z,6227,0,61b13caa1ea44648b13caa1ea4e648ed,6300,0,1.34E-05,{}
openWhisk,matrix128,128,1000,2018-04-25T08:23:14Z,9358,0,ace0052d6c004490a0052d6c0064909d,9400,1,2.00E-05,{}
openWhisk,matrix256,256,100,2018-04-25T08:24:14Z,82,0,0ba3e18fa8074ee3a3e18fa8072ee309,100,0,4.25E-07,{}
openWhisk,matrix256,256,200,2018-04-25T08:24:14Z,58,0,270221f56fd04a108221f56fd02a1058,100,0,4.25E-07,{}
openWhisk,matrix256,256,300,2018-04-25T08:24:14Z,164,0,e5f1b7fdf2ba4818b1b7fdf2ba88188b,200,0,8.50E-07,{}
openWhisk,matrix256,256,400,2018-04-25T08:24:15Z,439,0,018a24992236413c8a24992236213ca0,500,0,2.13E-06,{}
openWhisk,matrix256,256,500,2018-04-25T08:24:15Z,919,0,2536a606e9e343f6b6a606e9e3e3f613,1000,0,4.25E-06,{}
openWhisk,matrix256,256,600,2018-04-25T08:24:16Z,2037,0,f273f0800c4d4263b3f0800c4d02630e,2100,0,8.93E-06,{}
openWhisk,matrix256,256,700,2018-04-25T08:24:21Z,3407,0,345b07c17f5b47169b07c17f5ba7165f,3500,0,1.49E-05,{}
openWhisk,matrix256,256,800,2018-04-25T08:24:24Z,4525,0,2e12c23dfef14a7f92c23dfef18a7fb1,4600,1,1.96E-05,{}
openWhisk,matrix256,256,900,2018-04-25T08:24:29Z,6122,0,9eae86b124bf4864ae86b124bff8648b,6200,1,2.64E-05,{}
openWhisk,matrix256,256,1000,2018-04-25T08:24:36Z,8876,0,6bbdb5245d1f4461bdb5245d1f8461cf,8900,2,3.78E-05,{}
openWhisk,matrix512,512,100,2018-04-25T08:25:36Z,43,0,08f6c61acd32458fb6c61acd32d58fe8,100,0,8.50E-07,{}
openWhisk,matrix512,512,200,2018-04-25T08:25:37Z,82,0,3df6b190d25640bab6b190d256a0ba2d,100,0,8.50E-07,{}
openWhisk,matrix512,512,300,2018-04-25T08:25:37Z,353,0,c9e4a1deab8c4f9aa4a1deab8c3f9a94,400,0,3.40E-06,{}
openWhisk,matrix512,512,400,2018-04-25T08:25:37Z,558,0,433dfd7ee11540babdfd7ee115b0ba64,600,0,5.10E-06,{}
openWhisk,matrix512,512,500,2018-04-25T08:25:38Z,860,0,87d7f5b451c849a797f5b451c8b9a7fd,900,0,7.65E-06,{}
openWhisk,matrix512,512,600,2018-04-25T08:25:39Z,2052,0,7bd1f2757afc407191f2757afc807144,2100,1,1.79E-05,{}
openWhisk,matrix512,512,700,2018-04-25T08:25:41Z,2551,0,6ac19cb42fc64cac819cb42fc68cac44,2600,1,2.21E-05,{}
openWhisk,matrix512,512,800,2018-04-25T08:25:44Z,4004,0,54877ff3dded4261877ff3ddede2611c,4100,2,3.49E-05,{}
openWhisk,matrix512,512,900,2018-04-25T08:25:49Z,6352,0,0cb8c1bbe47b49a0b8c1bbe47bd9a0bb,6400,3,5.44E-05,{}
openWhisk,matrix512,512,1000,2018-04-25T08:25:56Z,8165,0,d2bf11d88e8d4d11bf11d88e8d8d11f4,8200,4,6.97E-05,{}
openWhisk,matrix1024,1024,100,2018-04-25T08:26:52Z,17,0,8ed264d1a7a4432f9264d1a7a4232fe5,100,0,1.70E-06,{}
openWhisk,matrix1024,1024,200,2018-04-25T08:26:52Z,54,0,115f0062428445369f00624284f53620,100,0,1.70E-06,{}
openWhisk,matrix1024,1024,300,2018-04-25T08:26:52Z,157,0,97a7cc8fc5c541cfa7cc8fc5c5f1cf93,200,0,3.40E-06,{}
openWhisk,matrix1024,1024,400,2018-04-25T08:26:52Z,263,0,3fd22a3b7e1b44fa922a3b7e1b24fa78,300,0,5.10E-06,{}
openWhisk,matrix1024,1024,500,2018-04-25T08:26:53Z,560,0,ef3700e69f4b421eb700e69f4ba21ec2,600,0,1.02E-05,{}
openWhisk,matrix1024,1024,600,2018-04-25T08:26:54Z,1443,0,e6d03c31f77b4955903c31f77b095522,1500,1,2.55E-05,{}
openWhisk,matrix1024,1024,700,2018-04-25T08:26:55Z,3055,0,34427b66a6a345ab827b66a6a3b5aba6,3100,3,5.27E-05,{}
openWhisk,matrix1024,1024,800,2018-04-25T08:26:58Z,3914,0,2a7e9885f7694da4be9885f7698da46d,4000,4,6.80E-05,{}
openWhisk,matrix1024,1024,900,2018-04-25T08:27:02Z,5235,0,4d7e36789c464f31be36789c462f3199,5300,5,9.01E-05,{}
openWhisk,matrix1024,1024,1000,2018-04-25T08:27:08Z,7510,0,542b7c926b134c22ab7c926b13ec22b3,7600,7,0.0001292,{}
openWhisk,matrix2048,2048,100,2018-04-25T08:27:57Z,17,0,0111b552b28b4a1691b552b28b0a16e9,100,0,3.40E-06,{}
openWhisk,matrix2048,2048,200,2018-04-25T08:27:57Z,58,0,b722757877dc4954a2757877dcb9547a,100,0,3.40E-06,{}
openWhisk,matrix2048,2048,300,2018-04-25T08:27:57Z,140,0,b382c2cf4aef4b0082c2cf4aefeb00e2,200,0,6.80E-06,{}
openWhisk,matrix2048,2048,400,2018-04-25T08:27:57Z,246,0,98c7ce413101426987ce41310102697c,300,0,1.02E-05,{}
openWhisk,matrix2048,2048,500,2018-04-25T08:27:58Z,537,0,807747471f364dc2b747471f36cdc216,600,1,2.04E-05,{}
openWhisk,matrix2048,2048,600,2018-04-25T08:27:58Z,1203,0,4eb73a224bca48aeb73a224bca68aec3,1300,2,4.42E-05,{}
openWhisk,matrix2048,2048,700,2018-04-25T08:28:00Z,2788,0,73eb437c035946c3ab437c0359b6c387,2800,5,9.52E-05,{}
openWhisk,matrix2048,2048,800,2018-04-25T08:28:03Z,3246,0,07f13157f2f9447db13157f2f9f47d5d,3300,6,0.0001122,{}
openWhisk,matrix2048,2048,900,2018-04-25T08:28:06Z,4691,0,c2be119d95a243c2be119d95a243c21f,4700,9,0.0001598,{}
openWhisk,matrix2048,2048,1000,2018-04-25T08:28:11Z,7430,0,8ce62a25782c47aca62a25782c47ac29,7500,15,0.000255,{}
Amazon,matrix128,128,100,2018-04-25T10:21:06.778Z,365,0,5d531efc-4872-11e8-8f2f-91fc4e2c5ec0,400,0,8.34E-07,{'mem_used': 26}
Amazon,matrix128,128,200,2018-04-25T10:21:08.980Z,636,0,5e799d63-4872-11e8-8faa-39ac14914430,700,0,1.46E-06,{'mem_used': 27}
Amazon,matrix128,128,300,2018-04-25T10:21:12.178Z,1690,0,5fc09c35-4872-11e8-8b6c-811ef68a59cb,1700,0,3.54E-06,{'mem_used': 29}
Amazon,matrix128,128,400,2018-04-25T10:21:19.137Z,5835,0,616e99e2-4872-11e8-a3af-756b692f2cba,5900,0,1.23E-05,{'mem_used': 34}
Amazon,matrix128,128,500,2018-04-25T10:21:31.818Z,10942,0,65f13c8f-4872-11e8-9cac-a3112cd2d5c6,11000,1,2.29E-05,{'mem_used': 44}
Amazon,matrix128,128,600,2018-04-25T10:22:12.237Z,39265,0,6d27da2f-4872-11e8-97d2-f7a107e79396,39300,4,8.19E-05,{'mem_used': 47}
Amazon,matrix128,128,700,2018-04-25T10:23:13.480Z,70078,0,7f120952-4872-11e8-8b45-7dc28920b4ad,70100,8,0.000146071,{'mem_used': 47}
Amazon,matrix128,128,800,2018-04-25T10:24:37.340Z,124129,0,910ed553-4872-11e8-bc27-35bc7d5f549f,124200,15,0.000258802,{'mem_used': 63}
Amazon,matrix256,256,100,2018-04-25T10:24:38.019Z,104,0,db643903-4872-11e8-9485-4f712d6bec44,200,0,8.34E-07,{'mem_used': 26}
Amazon,matrix256,256,200,2018-04-25T10:24:40.479Z,331,0,dcb94186-4872-11e8-84b1-fbd12d3f54ba,400,0,1.67E-06,{'mem_used': 27}
Amazon,matrix256,256,300,2018-04-25T10:24:42.780Z,874,0,ddc58173-4872-11e8-9794-917a628ba271,900,0,3.75E-06,{'mem_used': 29}
Amazon,matrix256,256,400,2018-04-25T10:24:45.901Z,1973,0,def9bb1d-4872-11e8-bd5c-914398f8162b,2000,0,8.34E-06,{'mem_used': 34}
Amazon,matrix256,256,500,2018-04-25T10:24:51.861Z,4713,0,e0e425fe-4872-11e8-84fb-eb9334920ac2,4800,1,2.00E-05,{'mem_used': 44}
Amazon,matrix256,256,600,2018-04-25T10:25:15.981Z,23004,0,e45e7f7f-4872-11e8-b45e-a77f5a0b6107,23100,5,9.63E-05,{'mem_used': 57}
Amazon,matrix256,256,700,2018-04-25T10:25:52.641Z,35530,0,f2c135a7-4872-11e8-ab5a-2fed2262d649,35600,8,0.000148363,{'mem_used': 57}
Amazon,matrix128,128,900,2018-04-25T10:26:12.978Z,189256,0,a309a557-4872-11e8-a118-b11edcb02aa1,189300,23,0.000394454,{'mem_used': 54}
Amazon,matrix256,256,800,2018-04-25T10:26:48.177Z,60458,0,04c6db66-4873-11e8-a118-b11edcb02aa1,60500,15,0.000252134,{'mem_used': 69}
Amazon,matrix128,128,1000,2018-04-25T10:27:51.697Z,258201,0,b4fe33b1-4872-11e8-8508-7d4a365c1beb,258300,32,0.000538233,{'mem_used': 57}
Amazon,matrix512,512,100,2018-04-25T10:27:54.036Z,55,0,503ec58f-4873-11e8-a95e-9f12f0581f4d,100,0,8.34E-07,{'mem_used': 26}
Amazon,matrix512,512,200,2018-04-25T10:27:55.397Z,213,0,50f82ab3-4873-11e8-ac5c-d588450f5099,300,0,2.50E-06,{'mem_used': 27}
Amazon,matrix512,512,300,2018-04-25T10:27:57.338Z,862,0,51bcda6b-4873-11e8-ab07-0d7cc04023af,900,0,7.50E-06,{'mem_used': 32}
Amazon,matrix512,512,400,2018-04-25T10:28:04.076Z,5117,0,53365a7f-4873-11e8-9db5-a30db45ea8fb,5200,2,4.33E-05,{'mem_used': 39}
Amazon,matrix512,512,500,2018-04-25T10:28:12.220Z,6966,0,56f8e09b-4873-11e8-adc0-cb1b8692d8e1,7000,3,5.83E-05,{'mem_used': 47}
Amazon,matrix256,256,900,2018-04-25T10:28:16.759Z,119138,0,16d1ff82-4873-11e8-a33a-71cd973791fe,119200,29,0.000496766,{'mem_used': 65}
Amazon,matrix512,512,600,2018-04-25T10:28:31.401Z,18046,0,5bccfeaa-4873-11e8-94d4-eb4ff210b6f0,18100,9,0.000150864,{'mem_used': 67}
Amazon,matrix512,512,700,2018-04-25T10:28:57.856Z,25277,0,67405b73-4873-11e8-ab25-a997a929d5da,25300,12,0.000210876,{'mem_used': 73}
Amazon,matrix256,256,1000,2018-04-25T10:29:00.858Z,132630,0,290f566b-4873-11e8-b80b-593d504d42fa,132700,33,0.000553027,{'mem_used': 69}
Amazon,matrix512,512,800,2018-04-25T10:29:37.159Z,37566,0,775bbe35-4873-11e8-affc-fb1ee3d4886c,37600,18,0.000313396,{'mem_used': 77}
Amazon,matrix512,512,900,2018-04-25T10:30:00.436Z,29027,0,8a21f429-4873-11e8-9453-bba12b864738,29100,14,0.000242549,{'mem_used': 74}
Amazon,matrix512,512,1000,2018-04-25T10:30:41.613Z,40042,0,9c49a125-4873-11e8-9903-079e1ff92cd1,40100,20,0.000334234,{'mem_used': 79}
Amazon,matrix1024,1024,100,2018-04-25T10:31:05.546Z,27,0,c26be648-4873-11e8-96e0-09ed8a816fd1,100,0,1.67E-06,{'mem_used': 27}
Amazon,matrix1024,1024,200,2018-04-25T10:31:06.807Z,86,0,c32300e7-4873-11e8-872a-333160f6ce04,100,0,1.67E-06,{'mem_used': 27}
Amazon,matrix1024,1024,300,2018-04-25T10:31:08.949Z,219,0,c45406a0-4873-11e8-b8a3-1dee520f0ac3,300,0,5.00E-06,{'mem_used': 32}
Amazon,matrix1024,1024,400,2018-04-25T10:31:11.103Z,561,0,c569bc16-4873-11e8-854c-15117b109339,600,0,1.00E-05,{'mem_used': 40}
Amazon,matrix1024,1024,500,2018-04-25T10:31:13.105Z,863,0,c66d229c-4873-11e8-b813-9f91b37db102,900,0,1.50E-05,{'mem_used': 47}
Amazon,matrix1024,1024,600,2018-04-25T10:31:17.767Z,3528,0,c79e5024-4873-11e8-ae5a-1bc5b8f629d7,3600,3,6.00E-05,{'mem_used': 57}
Amazon,matrix1024,1024,700,2018-04-25T10:31:22.286Z,2995,0,caa17d32-4873-11e8-839d-d39f98bd882e,3000,3,5.00E-05,{'mem_used': 69}
Amazon,matrix1024,1024,800,2018-04-25T10:31:29.763Z,6370,0,cd12f268-4873-11e8-83ac-bdb4130d7d6d,6400,6,0.000106688,{'mem_used': 98}
Amazon,matrix1024,1024,900,2018-04-25T10:31:43.325Z,12204,0,d1ae7398-4873-11e8-b135-13ffd8f78e7b,12300,12,0.000205041,{'mem_used': 102}
Amazon,matrix1024,1024,1000,2018-04-25T10:32:03.580Z,19108,0,d9a295e4-4873-11e8-ade8-111f459ec7ea,19200,19,0.000320064,{'mem_used': 102}
Amazon,matrix2048,2048,100,2018-04-25T10:32:39.238Z,19,0,fa45b018-4873-11e8-be8b-031692652edd,100,0,3.33E-06,{'mem_used': 28}
Amazon,matrix2048,2048,200,2018-04-25T10:32:40.940Z,47,0,fb45460b-4873-11e8-a58c-650ee7266f9a,100,0,3.33E-06,{'mem_used': 29}
Amazon,matrix2048,2048,300,2018-04-25T10:32:42.257Z,126,0,fc020654-4873-11e8-ba5d-b736b50a676a,200,0,6.67E-06,{'mem_used': 31}
Amazon,matrix2048,2048,400,2018-04-25T10:32:43.770Z,388,0,fcc0c22c-4873-11e8-8995-9f5484b9b75e,400,0,1.33E-05,{'mem_used': 36}
Amazon,matrix2048,2048,500,2018-04-25T10:32:47.126Z,780,0,fe85a3aa-4873-11e8-aa07-3d00da8d0235,800,1,2.67E-05,{'mem_used': 46}
Amazon,matrix2048,2048,600,2018-04-25T10:32:51.584Z,2521,0,0023c355-4874-11e8-b140-93e773e89c0d,2600,5,8.67E-05,{'mem_used': 63}
Amazon,matrix2048,2048,700,2018-04-25T10:32:57.078Z,4415,0,0248ed2b-4874-11e8-b99d-8197993f147e,4500,9,0.00015003,{'mem_used': 70}
Amazon,matrix2048,2048,800,2018-04-25T10:33:06.198Z,7497,0,05e28ebd-4874-11e8-b186-37d611bf4edf,7500,15,0.00025005,{'mem_used': 118}
Amazon,matrix2048,2048,900,2018-04-25T10:33:24.216Z,16878,0,0b07d9c7-4874-11e8-a441-81203b85412b,16900,33,0.000563446,{'mem_used': 146}
Amazon,matrix2048,2048,1000,2018-04-25T10:33:38.052Z,12719,0,15c26e69-4874-11e8-977a-71223a41cb2a,12800,25,0.000426752,{'mem_used': 150}
Microsoft,matrix128,128,100,2018-04-25T12:16:09.997Z,50,0,f93d7dce-277d-47bb-8169-2463645681fc,50,0,1.00E-07,{}
Microsoft,matrix128,128,200,2018-04-25T12:16:11.801Z,115,0,4b0a0579-3f4c-4b2e-b88c-d51e65593e53,115,0,2.30E-07,{}
Microsoft,matrix128,128,300,2018-04-25T12:16:13.733Z,351,0,405ef954-96d3-4b11-b608-e743c790c523,351,0,7.02E-07,{}
Microsoft,matrix128,128,400,2018-04-25T12:16:16.174Z,819,0,dee76d47-91e4-483a-a995-13d6ff13b5bd,819,0,1.64E-06,{}
Microsoft,matrix128,128,500,2018-04-25T12:16:19.435Z,1506,0,1e886cd2-f16e-4bd8-a138-3ec8afef8b98,1506,0,3.01E-06,{}
Microsoft,matrix128,128,600,2018-04-25T12:16:26.337Z,5158,0,ffd0b688-9046-4ded-9a4e-b13be8af2696,5158,0,1.03E-05,{}
Microsoft,matrix128,128,700,2018-04-25T12:16:35.587Z,7314,0,cd9bdc16-c419-410e-8c95-0b0568c964c4,7314,0,1.46E-05,{}
Microsoft,matrix128,128,800,2018-04-25T12:16:52.381Z,15219,0,04998c7b-06f2-4cb7-ac3b-f886b6ec6b22,15219,1,3.04E-05,{}
Microsoft,matrix128,128,900,2018-04-25T12:17:18.222Z,24242,0,ad2a70f8-1596-4238-84d3-f466aec60dbf,24242,3,4.85E-05,{}
Microsoft,matrix128,128,1000,2018-04-25T12:17:52.158Z,31801,0,81a203e2-e504-42fc-a9fd-2fed1c56be96,31801,3,6.36E-05,{}
Microsoft,matrix256,256,100,2018-04-25T12:20:01.751Z,53,0,05dd1429-e31a-498e-8d33-b34c2637906b,53,0,2.12E-07,{}
Microsoft,matrix256,256,200,2018-04-25T12:20:03.526Z,134,0,e1f66190-b887-4558-aa16-ffc8291b02db,134,0,5.36E-07,{}
Microsoft,matrix256,256,300,2018-04-25T12:20:05.455Z,365,0,6be1a32c-9b2d-4f4e-b286-be6e25272038,365,0,1.46E-06,{}
Microsoft,matrix256,256,400,2018-04-25T12:20:07.817Z,772,0,6533c559-e5e4-4182-ad0e-3a595c0ab597,772,0,3.09E-06,{}
Microsoft,matrix256,256,500,2018-04-25T12:20:12.508Z,2402,0,388821e6-588f-402f-b05d-9de5f7da7c9d,2402,0,9.61E-06,{}
Microsoft,matrix256,256,600,2018-04-25T12:20:17.449Z,3414,0,a08e742c-c145-4ecd-b389-d0f158bf7854,3414,0,1.37E-05,{}
Microsoft,matrix256,256,700,2018-04-25T12:20:27.222Z,7538,0,66da21f2-c45b-476c-8ef1-b00c43421e71,7538,1,3.02E-05,{}
Microsoft,matrix256,256,800,2018-04-25T12:20:44.634Z,15044,0,2ee866a8-b921-4632-8e54-881cfc0801ce,15044,3,6.02E-05,{}
Microsoft,matrix256,256,900,2018-04-25T12:20:46.237Z,22060,0,502915db-96d8-4909-af8c-408d5f394458,22060,5,8.82E-05,{}
Microsoft,matrix256,256,1000,2018-04-25T12:21:10.491Z,30045,0,180e46ef-503c-4806-8db8-511f46aa4d3a,30045,7,0.00012018,{}
Microsoft,matrix512,512,100,2018-04-25T12:23:44.64Z,27,0,ce4e9a85-09c1-4233-8a8e-6be807edde45,27,0,2.16E-07,{}
Microsoft,matrix512,512,200,2018-04-25T12:23:46.431Z,140,0,6317455e-8645-49c2-bcd7-17ee842b3b52,140,0,1.12E-06,{}
Microsoft,matrix512,512,300,2018-04-25T12:23:49.018Z,383,0,0124a8b2-f792-4c94-b0fd-66c364d96302,383,0,3.06E-06,{}
Microsoft,matrix512,512,400,2018-04-25T12:23:51.989Z,856,0,afff47e6-ca7b-43ef-9e07-1af67a237787,856,0,6.85E-06,{}
Microsoft,matrix512,512,500,2018-04-25T12:23:55.205Z,1551,0,5b12f22f-d11a-4619-a4b6-d9f622ff5eae,1551,0,1.24E-05,{}
Microsoft,matrix512,512,600,2018-04-25T12:23:56.848Z,5393,0,4198595e-5ccf-4312-bf38-1013900254b8,5393,2,4.31E-05,{}
Microsoft,matrix512,512,700,2018-04-25T12:24:11.667Z,7735,0,23e73796-05ff-4f25-ba6a-c8cc5eb3d8b7,7735,3,6.19E-05,{}
Microsoft,matrix512,512,800,2018-04-25T12:24:27.921Z,14676,0,c33053ca-f98c-4e33-b2c6-9f550584c71e,14676,7,0.000117408,{}
Microsoft,matrix512,512,900,2018-04-25T12:24:50.741Z,20795,0,d58bb218-d1f5-4d23-b375-a87dc14d57b8,20795,10,0.00016636,{}
Microsoft,matrix512,512,1000,2018-04-25T12:24:52.36Z,30603,0,f7809316-6195-406f-a112-6dcd1eb67508,30603,15,0.000244824,{}
Microsoft,matrix1024,1024,100,2018-04-25T12:27:23.287Z,34,0,66e1b3ce-0c08-4266-94d1-82607724fe5d,34,0,5.44E-07,{}
Microsoft,matrix1024,1024,200,2018-04-25T12:27:25.07Z,125,0,abbb1e4c-d5d4-4909-992d-1537c43d126f,125,0,2.00E-06,{}
Microsoft,matrix1024,1024,300,2018-04-25T12:27:27.029Z,374,0,c3003a3c-2868-41b2-9526-5bba5ca02601,374,0,5.98E-06,{}
Microsoft,matrix1024,1024,400,2018-04-25T12:27:29.974Z,780,0,0a3963a3-7029-4851-b1aa-d067076504db,780,0,1.25E-05,{}
Microsoft,matrix1024,1024,500,2018-04-25T12:27:33.244Z,1592,0,785159bd-3656-4e27-ad50-d2af536bf8e1,1592,1,2.55E-05,{}
Microsoft,matrix1024,1024,600,2018-04-25T12:27:38.845Z,3852,0,17bb2fde-3ede-4874-b122-ba7a9f83ebb8,3852,3,6.16E-05,{}
Microsoft,matrix1024,1024,700,2018-04-25T12:27:47.976Z,6559,0,e0a798d4-4cdf-4145-89c3-16775a6fe4d0,6559,6,0.000104944,{}
Microsoft,matrix1024,1024,800,2018-04-25T12:28:05.076Z,14831,0,5b9225da-2788-433c-93b1-ea3f464696e3,14831,14,0.000237296,{}
Microsoft,matrix1024,1024,900,2018-04-25T12:28:28.158Z,21458,0,74f836bc-add5-4d23-a446-fd438f2a2800,21458,21,0.000343328,{}
Microsoft,matrix1024,1024,1000,2018-04-25T12:29:00.393Z,30082,0,6d2c3dc9-c99d-44c1-9b97-508473898d7a,30082,30,0.000481312,{}
Microsoft,matrix2048,2048,100,2018-04-25T12:31:05.2Z,27,0,49df23d0-955f-4188-a859-464491d75e18,27,0,8.64E-07,{}
Microsoft,matrix2048,2048,200,2018-04-25T12:31:06.977Z,124,0,d24eb4a2-699c-4cc1-a4a3-aec77d14ab86,124,0,3.97E-06,{}
Microsoft,matrix2048,2048,300,2018-04-25T12:31:09.491Z,384,0,442bdc3f-b9c2-4cc0-92b1-efd428651d34,384,0,1.23E-05,{}
Microsoft,matrix2048,2048,400,2018-04-25T12:31:12.108Z,805,0,da54b64d-29d4-4e6f-ac76-dc1f9b20383f,805,1,2.58E-05,{}
Microsoft,matrix2048,2048,500,2018-04-25T12:31:15.391Z,1675,0,1514c501-389d-496f-8e70-65888da1fdef,1675,3,5.36E-05,{}
Microsoft,matrix2048,2048,600,2018-04-25T12:31:20.971Z,3929,0,644e926d-29cb-42ad-9e1a-fd0986ed62fa,3929,7,0.000125728,{}
Microsoft,matrix2048,2048,700,2018-04-25T12:31:29.659Z,6997,0,03ea7947-9eb8-4a06-afc2-0e351190a54c,6997,13,0.000223904,{}
Microsoft,matrix2048,2048,800,2018-04-25T12:31:45.872Z,14516,0,e66d4ed4-4f39-47d8-b5e7-69ffd69e5518,14516,29,0.000464512,{}
Microsoft,matrix2048,2048,900,2018-04-25T12:32:08.964Z,21501,0,2e7f3265-9a82-4dc4-a4c4-53c59ad65474,21501,43,0.000688032,{}
Microsoft,matrix2048,2048,1000,2018-04-25T12:32:10.915Z,29988,0,51db125d-3624-4c3a-b1ae-f4b8d24b1f3f,29988,59,0.000959616,{}
Google,matrix128,128,100,2018-04-25T14:44:07.871687432Z,358,0,07201x19gs2x,400,0,8.25E-07,{}
Google,matrix128,128,200,2018-04-25T14:44:11.478805332Z,1104,0,07201dz45t3s,1200,0,2.48E-06,{}
Google,matrix128,128,300,2018-04-25T14:44:16.869716173Z,3617,0,0720q08p8y5i,3700,0,7.63E-06,{}
Google,matrix128,128,400,2018-04-25T14:44:27.17387597Z,7691,0,0720q7x1yqou,7700,0,1.59E-05,{}
Google,matrix128,128,500,2018-04-25T14:44:42.978240479Z,13173,0,0720kvsa3blf,13200,1,2.72E-05,{}
Google,matrix128,128,600,2018-04-25T14:45:19.072532333Z,34507,0,0720kl3k0nm1,34600,4,7.14E-05,{}
Google,matrix128,128,700,2018-04-25T14:46:21.368766575Z,59739,0,0720x5ovas4a,59800,7,0.000123337,{}
Google,matrix128,128,800,2018-04-25T14:46:35.863919906Z,11043,0,cb0wy6zb39p8,11100,1,2.29E-05,{}
Google,matrix128,128,900,2018-04-25T14:49:09.172419235Z,151406,0,cb0w63u5hbp2,151500,18,0.000312469,{}
Google,matrix128,128,1000,2018-04-25T14:52:14.578712664Z,183411,0,0720t6r81ixi,183500,22,0.000378469,{}
Google,matrix256,256,100,2018-04-25T15:01:27.196043958Z,235,0,0ap3vzp7mhhv,300,0,1.24E-06,{}
Google,matrix256,256,200,2018-04-25T15:01:30.09814464Z,506,0,0ap3ivh45d8c,600,0,2.48E-06,{}
Google,matrix256,256,300,2018-04-25T15:01:33.789912165Z,1506,0,0ap3nxkgtwka,1600,0,6.60E-06,{}
Google,matrix256,256,400,2018-04-25T15:01:38.307097949Z,2897,0,0ap3ci4u2lf1,2900,0,1.20E-05,{}
Google,matrix256,256,500,2018-04-25T15:01:49.90715616Z,9074,0,0ap3jykcr8h2,9100,2,3.75E-05,{}
Google,matrix256,256,600,2018-04-25T15:02:09.604738366Z,17958,0,0ap3ydpje8jg,18000,4,7.43E-05,{}
Google,matrix256,256,700,2018-04-25T15:02:19.934148807Z,6716,0,ax4m7mi5g6vc,6800,1,2.81E-05,{}
Google,matrix256,256,800,2018-04-25T15:03:09.118381883Z,47191,0,ax4mr4w9xgdn,47200,11,0.0001947,{}
Google,matrix256,256,900,2018-04-25T15:04:03.811583058Z,52702,0,0ap37vqqhlj9,52800,13,0.0002178,{}
Google,matrix256,256,1000,2018-04-25T15:05:15.997393421Z,70488,0,0ap3nmaf1adv,70500,17,0.000290813,{}
Google,matrix512,512,100,2018-04-25T15:10:52.973172236Z,92,0,ae2jreg7byu5,100,0,8.25E-07,{}
Google,matrix512,512,200,2018-04-25T15:10:54.854813317Z,300,0,ae2j0dlwam4k,400,0,3.30E-06,{}
Google,matrix512,512,300,2018-04-25T15:10:57.090898736Z,614,0,ae2j7fwo0oeh,700,0,5.78E-06,{}
Google,matrix512,512,400,2018-04-25T15:11:00.968184231Z,1308,0,ae2j2tyhg8rx,1400,0,1.16E-05,{}
Google,matrix512,512,500,2018-04-25T15:11:04.788489839Z,2174,0,ae2jkzuo4f3v,2200,1,1.82E-05,{}
Google,matrix512,512,600,2018-04-25T15:11:15.479262332Z,9026,0,ae2j9i5ruetn,9100,4,7.51E-05,{}
Google,matrix512,512,700,2018-04-25T15:11:30.687921429Z,13564,0,ae2je08dohkd,13600,6,0.0001122,{}
Google,matrix512,512,800,2018-04-25T15:11:52.771291304Z,19831,0,ae2j9j85pzpr,19900,9,0.000164175,{}
Google,matrix512,512,900,2018-04-25T15:12:23.160544822Z,28715,0,ae2jfsmo7glf,28800,14,0.0002376,{}
Google,matrix512,512,1000,2018-04-25T15:13:06.985301271Z,42179,0,ae2ji1yxjcvf,42200,21,0.00034815,{}
Google,matrix1024,1024,100,2018-04-25T15:16:01.276469686Z,105,0,gg5pe5naql5u,200,0,3.30E-06,{}
Google,matrix1024,1024,200,2018-04-25T15:16:03.147677212Z,163,0,gg5pd1pbipr0,200,0,3.30E-06,{}
Google,matrix1024,1024,300,2018-04-25T15:16:05.323609366Z,446,0,gg5p9aiseciu,500,0,8.25E-06,{}
Google,matrix1024,1024,400,2018-04-25T15:16:07.695741635Z,685,0,gg5p373qkmhm,700,0,1.16E-05,{}
Google,matrix1024,1024,500,2018-04-25T15:16:12.060232684Z,1890,0,gg5pkdrwe4iq,1900,1,3.14E-05,{}
Google,matrix1024,1024,600,2018-04-25T15:16:18.574002828Z,4982,0,gg5py1kvgn14,5000,5,8.25E-05,{}
Google,matrix1024,1024,700,2018-04-25T15:16:28.516020694Z,7717,0,gg5pt66slukq,7800,7,0.0001287,{}
Google,matrix1024,1024,800,2018-04-25T15:16:41.950359982Z,11148,0,gg5pj19oc6r2,11200,11,0.0001848,{}
Google,matrix1024,1024,900,2018-04-25T15:17:02.668519845Z,18155,0,gg5pf3z2thn9,18200,18,0.0003003,{}
Google,matrix1024,1024,1000,2018-04-25T15:17:30.018038362Z,25684,0,gg5p3ddp82nq,25700,25,0.00042405,{}
Google,matrix2048,2048,100,2018-04-25T15:19:07.087804835Z,87,0,drc32y6su9p2,100,0,3.30E-06,{}
Google,matrix2048,2048,200,2018-04-25T15:19:09.853123117Z,88,0,drc3c31zmv55,100,0,3.30E-06,{}
Google,matrix2048,2048,300,2018-04-25T15:19:12.075505907Z,405,0,drc3xq2u7kh0,500,1,1.65E-05,{}
Google,matrix2048,2048,400,2018-04-25T15:19:14.2654716Z,635,0,drc3ojp7ij3r,700,1,2.31E-05,{}
Google,matrix2048,2048,500,2018-04-25T15:19:17.381530395Z,1459,0,drc30fdzwt5x,1500,3,4.95E-05,{}
Google,matrix2048,2048,600,2018-04-25T15:19:24.779109062Z,4896,0,drc3tw9c3xts,4900,9,0.0001617,{}
Google,matrix2048,2048,700,2018-04-25T15:19:34.537854723Z,8116,0,drc3xa8ocvr1,8200,16,0.0002706,{}
Google,matrix2048,2048,800,2018-04-25T15:19:49.31176925Z,13131,0,drc3zpde8539,13200,26,0.0004356,{}
Google,matrix2048,2048,900,2018-04-25T15:20:05.265633072Z,14106,0,drc3vqjg2kfl,14200,28,0.0004686,{}
Google,matrix2048,2048,1000,2018-04-25T15:20:29.343480087Z,22465,0,drc398vwswox,22500,45,0.0007425,{}
IBM,matrix128,128,100,2018-04-25T16:38:28Z,22,0,13b97b3850e8479bb97b3850e8579b04,100,0,2.13E-07,{}
IBM,matrix128,128,200,2018-04-25T16:38:30Z,72,0,f3b5971ec7834fe0b5971ec7830fe08e,100,0,2.13E-07,{}
IBM,matrix128,128,300,2018-04-25T16:38:31Z,190,0,8474cdd9dd1c4d6db4cdd9dd1cad6d56,200,0,4.25E-07,{}
IBM,matrix128,128,400,2018-04-25T16:38:32Z,342,0,81672c3d96bb4cd2a72c3d96bbfcd2a1,400,0,8.50E-07,{}
IBM,matrix128,128,500,2018-04-25T16:38:33Z,683,0,a4b27a9c79474fa5b27a9c79477fa557,700,0,1.49E-06,{}
IBM,matrix128,128,600,2018-04-25T16:38:35Z,1383,0,a9c4b0e9160940e984b0e9160910e901,1400,0,2.98E-06,{}
IBM,matrix128,128,700,2018-04-25T16:38:39Z,2181,0,acaa53021e8a4318aa53021e8af318ee,2200,0,4.68E-06,{}
IBM,matrix128,128,800,2018-04-25T16:38:42Z,2925,0,8d18603a80604b1598603a8060fb15f9,3000,0,6.38E-06,{}
IBM,matrix128,128,900,2018-04-25T16:38:46Z,4549,0,0e37815699c04237b7815699c0c237d7,4600,0,9.78E-06,{}
IBM,matrix128,128,1000,2018-04-25T16:38:52Z,6652,0,519fd1f8529749959fd1f85297e99580,6700,0,1.42E-05,{}
IBM,matrix256,256,100,2018-04-25T16:39:34Z,24,0,5341051c664946a481051c6649b6a4cd,100,0,4.25E-07,{}
IBM,matrix256,256,200,2018-04-25T16:39:35Z,67,0,43101333a6234973901333a623097374,100,0,4.25E-07,{}
IBM,matrix256,256,300,2018-04-25T16:39:36Z,174,0,2ab85c24060c4aebb85c24060ceaebd1,200,0,8.50E-07,{}
IBM,matrix256,256,400,2018-04-25T16:39:38Z,340,0,39db580488034eb49b580488037eb443,400,0,1.70E-06,{}
IBM,matrix256,256,500,2018-04-25T16:39:40Z,623,0,1ced6bed45534bf1ad6bed4553abf13a,700,0,2.98E-06,{}
IBM,matrix256,256,600,2018-04-25T16:39:41Z,1376,0,36cb1e7489ca43998b1e7489cad3993d,1400,0,5.95E-06,{}
IBM,matrix256,256,700,2018-04-25T16:39:44Z,2123,0,16891d2bff6d471d891d2bff6de71d8f,2200,0,9.35E-06,{}
IBM,matrix256,256,800,2018-04-25T16:39:47Z,2900,0,1a33d4603d80433ab3d4603d80a33add,3000,0,1.28E-05,{}
IBM,matrix256,256,900,2018-04-25T16:39:51Z,4615,0,26a55dd3d02a452ea55dd3d02ad52e3c,4700,1,2.00E-05,{}
IBM,matrix256,256,1000,2018-04-25T16:39:57Z,6702,0,3182d13ec13a486582d13ec13a986559,6800,1,2.89E-05,{}
IBM,matrix512,512,100,2018-04-25T16:40:42Z,23,0,617f0134876945f6bf01348769f5f69f,100,0,8.50E-07,{}
IBM,matrix512,512,200,2018-04-25T16:40:44Z,113,0,f8993b5cc5da4db0993b5cc5da6db02b,200,0,1.70E-06,{}
IBM,matrix512,512,300,2018-04-25T16:40:45Z,225,0,664ca52a03b240f38ca52a03b2b0f3ac,300,0,2.55E-06,{}
IBM,matrix512,512,400,2018-04-25T16:40:46Z,354,0,e96bff61ee1944beabff61ee1984be29,400,0,3.40E-06,{}
IBM,matrix512,512,500,2018-04-25T16:40:48Z,701,0,880fb89791554e2b8fb8979155ee2bd8,800,0,6.80E-06,{}
IBM,matrix512,512,600,2018-04-25T16:40:50Z,1441,0,c4740dda2446404ab40dda2446704ad2,1500,0,1.28E-05,{}
IBM,matrix512,512,700,2018-04-25T16:40:52Z,2051,0,033eea76828a4219beea76828a32191c,2100,1,1.79E-05,{}
IBM,matrix512,512,800,2018-04-25T16:40:56Z,2920,0,841388fa885e46329388fa885e3632f9,3000,1,2.55E-05,{}
IBM,matrix512,512,900,2018-04-25T16:41:00Z,4807,0,e6150d0d868c4b22950d0d868c1b22e0,4900,2,4.17E-05,{}
IBM,matrix512,512,1000,2018-04-25T16:41:06Z,7612,0,1f9c0667f4e048e79c0667f4e0d8e726,7700,3,6.55E-05,{}
IBM,matrix1024,1024,100,2018-04-25T16:41:58Z,19,0,354b003c80b9424b8b003c80b9224b67,100,0,1.70E-06,{}
IBM,matrix1024,1024,200,2018-04-25T16:42:00Z,74,0,726f6719461d485caf6719461d885c1a,100,0,1.70E-06,{}
IBM,matrix1024,1024,300,2018-04-25T16:42:01Z,193,0,b4e8e8969ea340b0a8e8969ea3d0b00a,200,0,3.40E-06,{}
IBM,matrix1024,1024,400,2018-04-25T16:42:02Z,351,0,d726fbbec04a47e6a6fbbec04af7e6aa,400,0,6.80E-06,{}
IBM,matrix1024,1024,500,2018-04-25T16:42:03Z,686,0,d9b582e35a3e46d4b582e35a3ef6d489,700,0,1.19E-05,{}
IBM,matrix1024,1024,600,2018-04-25T16:42:05Z,1436,0,cdfedea874bf42fbbedea874bfe2fb7f,1500,1,2.55E-05,{}
IBM,matrix1024,1024,700,2018-04-25T16:42:08Z,2175,0,c6d7d539f80649c497d539f806c9c4c9,2200,2,3.74E-05,{}
IBM,matrix1024,1024,800,2018-04-25T16:42:11Z,3063,0,ae633cb504c54345a33cb504c5b345da,3100,3,5.27E-05,{}
IBM,matrix1024,1024,900,2018-04-25T16:42:16Z,4594,0,a1e4f94040864db7a4f9404086fdb7b7,4600,4,7.82E-05,{}
IBM,matrix1024,1024,1000,2018-04-25T16:42:21Z,7083,0,237745ab7dc34d3bb745ab7dc34d3b1b,7100,7,0.0001207,{}
IBM,matrix2048,2048,100,2018-04-25T16:43:06Z,21,0,c203a8f95af549e283a8f95af549e294,100,0,3.40E-06,{}
IBM,matrix2048,2048,200,2018-04-25T16:43:08Z,73,0,97ab0e63c35745dbab0e63c35775db9b,100,0,3.40E-06,{}
IBM,matrix2048,2048,300,2018-04-25T16:43:10Z,190,0,4314887dee8c435b94887dee8cb35b52,200,0,6.80E-06,{}
IBM,matrix2048,2048,400,2018-04-25T16:43:13Z,328,0,62867549c9fd4408867549c9fd74085b,400,0,1.36E-05,{}
IBM,matrix2048,2048,500,2018-04-25T16:43:15Z,706,0,887ef72620d74324bef72620d7a3243d,800,1,2.72E-05,{}
IBM,matrix2048,2048,600,2018-04-25T16:43:17Z,1410,0,dd7e70bc00f64fe7be70bc00f60fe79c,1500,3,5.10E-05,{}
IBM,matrix2048,2048,700,2018-04-25T16:43:20Z,2255,0,107391e25ede4eabb391e25edeeeab98,2300,4,7.82E-05,{}
IBM,matrix2048,2048,800,2018-04-25T16:43:23Z,3033,0,6598b61e63404ce398b61e6340ace3ce,3100,6,0.0001054,{}
IBM,matrix2048,2048,900,2018-04-25T16:43:28Z,4879,0,15b7abda165e470ab7abda165e770ac1,4900,9,0.0001666,{}
IBM,matrix2048,2048,1000,2018-04-25T16:43:34Z,6612,0,ee655f30f0444737a55f30f044973785,6700,13,0.0002278,{}
Amazon,matrix128,128,100,2018-04-26T10:20:55.580Z,397,0,810c11dc-493b-11e8-9fae-15fe54c06648,400,0,8.34E-07,{'mem_used': 27}
Amazon,matrix128,128,200,2018-04-26T10:20:57.839Z,1042,0,8202a6aa-493b-11e8-820e-d392d164bc85,1100,0,2.29E-06,{'mem_used': 27}
Amazon,matrix128,128,300,2018-04-26T10:21:03.046Z,3609,0,8394b917-493b-11e8-a847-316f92046438,3700,0,7.71E-06,{'mem_used': 29}
Amazon,matrix128,128,400,2018-04-26T10:21:15.321Z,11106,0,866dc913-493b-11e8-b450-6b942c9e5d63,11200,1,2.33E-05,{'mem_used': 34}
Amazon,matrix128,128,500,2018-04-26T10:21:41.890Z,25373,0,8dc20144-493b-11e8-b2d2-2f16ac5a5d4d,25400,3,5.29E-05,{'mem_used': 34}
Amazon,matrix128,128,600,2018-04-26T10:22:24.819Z,41732,0,9d9843e9-493b-11e8-93ef-9b8889177395,41800,5,8.71E-05,{'mem_used': 42}
Amazon,matrix128,128,700,2018-04-26T10:23:20.378Z,66735,0,af981da9-493b-11e8-bd61-6b7f960c20f9,66800,8,0.000139194,{'mem_used': 47}
Amazon,matrix128,128,800,2018-04-26T10:24:36.380Z,112950,0,c190a3a0-493b-11e8-bcba-79aa1ab9ebe6,113000,14,0.000235464,{'mem_used': 63}
Amazon,matrix256,256,100,2018-04-26T10:24:48.402Z,101,0,0bff0df1-493c-11e8-af64-ff37d0874078,200,0,8.34E-07,{'mem_used': 27}
Amazon,matrix256,256,200,2018-04-26T10:24:50.438Z,367,0,0d0d981d-493c-11e8-ab95-1f9268f931e9,400,0,1.67E-06,{'mem_used': 27}
Amazon,matrix256,256,300,2018-04-26T10:24:52.658Z,1019,0,0dfa419f-493c-11e8-aa8c-f3f6ecf5748a,1100,0,4.58E-06,{'mem_used': 30}
Amazon,matrix256,256,400,2018-04-26T10:24:57.299Z,3472,0,0f4ab65f-493c-11e8-a4cf-d75ec85fd5d0,3500,0,1.46E-05,{'mem_used': 34}
Amazon,matrix256,256,500,2018-04-26T10:25:06.262Z,6952,0,128b62d2-493c-11e8-92be-c16ea2d59538,7000,1,2.92E-05,{'mem_used': 45}
Amazon,matrix128,128,900,2018-04-26T10:25:14.369Z,120298,0,d38c1102-493b-11e8-8eca-c57a1c933515,120300,15,0.000250675,{'mem_used': 54}
Amazon,matrix256,256,600,2018-04-26T10:25:34.240Z,26687,0,1778ad37-493c-11e8-ac58-9b21cbec602a,26700,6,0.000111272,{'mem_used': 57}
Amazon,matrix256,256,700,2018-04-26T10:26:14.359Z,38869,0,281f109f-493c-11e8-b009-735bc7c356b4,38900,9,0.000162116,{'mem_used': 60}
Amazon,matrix256,256,800,2018-04-26T10:27:12.798Z,66715,0,3a252c53-493c-11e8-be8e-27a2f6228add,66800,16,0.000278389,{'mem_used': 69}
Amazon,matrix512,512,100,2018-04-26T10:28:11.362Z,59,0,84fc42c1-493c-11e8-994b-6713ab85f5c0,100,0,8.34E-07,{'mem_used': 26}
Amazon,matrix512,512,200,2018-04-26T10:28:18.818Z,175,0,895c684a-493c-11e8-b3a9-7905a9ef0f0a,200,0,1.67E-06,{'mem_used': 27}
Amazon,matrix512,512,300,2018-04-26T10:28:21.144Z,728,0,8a6d62d1-493c-11e8-a8ae-2b4c9150d8ae,800,0,6.67E-06,{'mem_used': 29}
Amazon,matrix512,512,400,2018-04-26T10:28:24.806Z,2474,0,8b9149fd-493c-11e8-b354-7d1b7fff6ac4,2500,1,2.08E-05,{'mem_used': 35}
Amazon,matrix128,128,1000,2018-04-26T10:28:27.438Z,283762,0,e5770241-493b-11e8-84ce-ef3168ec23e9,283800,35,0.000591368,{'mem_used': 58}
Amazon,matrix512,512,500,2018-04-26T10:28:32.505Z,6513,0,8dbfe980-493c-11e8-be39-bb1e0986c78e,6600,3,5.50E-05,{'mem_used': 48}
Amazon,matrix256,256,900,2018-04-26T10:28:33.227Z,117371,0,4c19ba83-493c-11e8-970d-d9821ec60473,117400,29,0.000489265,{'mem_used': 66}
Amazon,matrix512,512,600,2018-04-26T10:28:50.678Z,17046,0,924aa1e3-493c-11e8-803c-2f8e1915b74f,17100,8,0.000142529,{'mem_used': 51}
Amazon,matrix512,512,700,2018-04-26T10:29:18.723Z,26863,0,9d2ae6ca-493c-11e8-878f-8322a6bde27f,26900,13,0.000224211,{'mem_used': 64}
Amazon,matrix256,256,1000,2018-04-26T10:29:45.263Z,158856,0,5e16383c-493c-11e8-8eca-c57a1c933515,158900,39,0.000662216,{'mem_used': 73}
Amazon,matrix512,512,800,2018-04-26T10:29:57.540Z,36963,0,ae484fba-493c-11e8-9833-9d129f637927,37000,18,0.000308395,{'mem_used': 64}
Amazon,matrix512,512,900,2018-04-26T10:30:21.122Z,29992,0,c04828b0-493c-11e8-ae61-9faebc0b54a4,30000,15,0.00025005,{'mem_used': 74}
Amazon,matrix512,512,1000,2018-04-26T10:31:02.825Z,40552,0,d30c6430-493c-11e8-9687-519374a0ed43,40600,20,0.000338401,{'mem_used': 135}
Amazon,matrix1024,1024,100,2018-04-26T10:31:26.780Z,27,0,f97e00c1-493c-11e8-aaa6-9500d8d9ac7b,100,0,1.67E-06,{'mem_used': 27}
Amazon,matrix1024,1024,200,2018-04-26T10:31:28.426Z,81,0,fa70c5f0-493c-11e8-a224-b9ac7219b9ca,100,0,1.67E-06,{'mem_used': 28}
Amazon,matrix1024,1024,300,2018-04-26T10:31:30.217Z,201,0,fb700d8f-493c-11e8-ac58-9b21cbec602a,300,0,5.00E-06,{'mem_used': 30}
Amazon,matrix1024,1024,400,2018-04-26T10:31:31.742Z,412,0,fc383f14-493c-11e8-94e1-0177a691674f,500,0,8.34E-06,{'mem_used': 35}
Amazon,matrix1024,1024,500,2018-04-26T10:31:33.741Z,862,0,fd244d1b-493c-11e8-9711-f917ad56f76e,900,0,1.50E-05,{'mem_used': 45}
Amazon,matrix1024,1024,600,2018-04-26T10:31:36.664Z,1761,0,fe5971d4-493c-11e8-9856-9f9053db2b32,1800,1,3.00E-05,{'mem_used': 62}
Amazon,matrix1024,1024,700,2018-04-26T10:31:42.443Z,4322,0,0044039a-493d-11e8-a6bc-91ada7c915a2,4400,4,7.33E-05,{'mem_used': 70}
Amazon,matrix1024,1024,800,2018-04-26T10:31:52.135Z,8376,0,03a0c316-493d-11e8-a916-63fcd50ff363,8400,8,0.000140028,{'mem_used': 118}
Amazon,matrix1024,1024,900,2018-04-26T10:32:20.559Z,27232,0,09546aad-493d-11e8-b157-0b2cecc2283a,27300,27,0.000455091,{'mem_used': 145}
Amazon,matrix1024,1024,1000,2018-04-26T10:32:38.134Z,16314,0,1a4c983e-493d-11e8-92f5-a77c51fcca14,16400,16,0.000273388,{'mem_used': 149}
Amazon,matrix2048,2048,100,2018-04-26T10:33:14.531Z,18,0,39b9074a-493d-11e8-8107-0d9b4ce74691,100,0,3.33E-06,{'mem_used': 28}
Amazon,matrix2048,2048,200,2018-04-26T10:33:15.702Z,54,0,3a668530-493d-11e8-9d67-d93377a94dd3,100,0,3.33E-06,{'mem_used': 29}
Amazon,matrix2048,2048,300,2018-04-26T10:33:17.209Z,151,0,3b3daaf1-493d-11e8-b996-9d2830a49ec2,200,0,6.67E-06,{'mem_used': 33}
Amazon,matrix2048,2048,400,2018-04-26T10:33:20.013Z,785,0,3c88a17e-493d-11e8-a3d7-3185633cc098,800,1,2.67E-05,{'mem_used': 40}
Amazon,matrix2048,2048,500,2018-04-26T10:33:22.380Z,1152,0,3db9ced3-493d-11e8-86ad-65cdb1aafbc9,1200,2,4.00E-05,{'mem_used': 48}
Amazon,matrix2048,2048,600,2018-04-26T10:33:27.736Z,4185,0,3f1c44e0-493d-11e8-87b5-8d7e9e481c67,4200,8,0.000140028,{'mem_used': 58}
Amazon,matrix2048,2048,700,2018-04-26T10:33:34.516Z,5083,0,429dcaf4-493d-11e8-afed-35da8c09cb0a,5100,10,0.000170034,{'mem_used': 70}
Amazon,matrix2048,2048,800,2018-04-26T10:33:41.966Z,6340,0,464eeb97-493d-11e8-a44c-35b625dbd05e,6400,12,0.000213376,{'mem_used': 99}
Amazon,matrix2048,2048,900,2018-04-26T10:33:53.074Z,9943,0,4ac7a252-493d-11e8-9c39-5187f467795b,10000,20,0.0003334,{'mem_used': 103}
Amazon,matrix2048,2048,1000,2018-04-26T10:34:07.094Z,12813,0,516d4b5d-493d-11e8-9833-9d129f637927,12900,25,0.000430086,{'mem_used': 103}
Microsoft,matrix128,128,100,2018-04-26T12:26:24.08Z,44,0,153fd4e7-860c-49ee-b7c1-5e777799f887,44,0,8.80E-08,{}
Microsoft,matrix128,128,200,2018-04-26T12:26:25.806Z,115,0,29c11cfc-3999-4fee-9cd1-f25a0c97f100,115,0,2.30E-07,{}
Microsoft,matrix128,128,300,2018-04-26T12:26:27.824Z,357,0,87814ddf-d2c3-41f0-80be-96bb73b90e69,357,0,7.14E-07,{}
Microsoft,matrix128,128,400,2018-04-26T12:26:31.032Z,855,0,af49d820-4d78-493f-b5d5-7620f63ae595,855,0,1.71E-06,{}
Microsoft,matrix128,128,500,2018-04-26T12:26:34.22Z,1571,0,b861c9c6-74f5-4baa-b58a-de549634f16d,1571,0,3.14E-06,{}
Microsoft,matrix128,128,600,2018-04-26T12:26:40.774Z,4997,0,4e3a60a5-0803-4d32-ac33-0137a9d5d869,4997,0,9.99E-06,{}
Microsoft,matrix128,128,700,2018-04-26T12:26:49.923Z,7517,0,9b621e10-e043-43dd-a3f9-0bcc90319a0f,7517,0,1.50E-05,{}
Microsoft,matrix128,128,800,2018-04-26T12:27:06.569Z,14982,0,3acdfecd-569e-4081-a180-6a7a8d7355d8,14982,1,3.00E-05,{}
Microsoft,matrix128,128,900,2018-04-26T12:27:08.349Z,23011,0,0fec2f5e-7544-47a5-957a-5cab34a13466,23011,2,4.60E-05,{}
Microsoft,matrix128,128,1000,2018-04-26T12:28:03.488Z,30474,0,cb754f06-3256-47b2-8d7f-d8ad133d8fec,30474,3,6.09E-05,{}
Microsoft,matrix256,256,100,2018-04-26T12:30:05.953Z,28,0,c60c40d0-dc33-4876-aad0-5fc64d614b5a,28,0,1.12E-07,{}
Microsoft,matrix256,256,200,2018-04-26T12:30:07.898Z,123,0,01b81117-f044-4b9f-be1d-f298ebeb32e0,123,0,4.92E-07,{}
Microsoft,matrix256,256,300,2018-04-26T12:30:10.415Z,372,0,f64eb374-1530-4642-930f-4455b1a237cc,372,0,1.49E-06,{}
Microsoft,matrix256,256,400,2018-04-26T12:30:12.873Z,847,0,a77ac3f4-6002-4b68-8587-814e00b0b6bf,847,0,3.39E-06,{}
Microsoft,matrix256,256,500,2018-04-26T12:30:16.161Z,1634,0,2cda203a-94e2-4cd1-89a4-f0312acde358,1634,0,6.54E-06,{}
Microsoft,matrix256,256,600,2018-04-26T12:30:21.725Z,3960,0,1074da8b-0e65-4411-ae8c-4698fdc169e9,3960,0,1.58E-05,{}
Microsoft,matrix256,256,700,2018-04-26T12:30:31.344Z,7879,0,26de51d3-8874-4ed4-9882-c315abef2529,7879,1,3.15E-05,{}
Microsoft,matrix256,256,800,2018-04-26T12:30:48.606Z,15634,0,d4f559d7-7c9e-4a21-8cb0-c9581687447b,15634,3,6.25E-05,{}
Microsoft,matrix256,256,900,2018-04-26T12:31:12.844Z,22131,0,283f3b1f-f07b-436f-a305-ee77ec06980d,22131,5,8.85E-05,{}
Microsoft,matrix256,256,1000,2018-04-26T12:31:45.488Z,31039,0,4bda7c02-544c-4735-bb52-28e512377af6,31039,7,0.000124156,{}
Microsoft,matrix512,512,100,2018-04-26T12:33:51.505Z,32,0,cf66dc84-a1fe-4afe-8ef3-ffae3893efef,32,0,2.56E-07,{}
Microsoft,matrix512,512,200,2018-04-26T12:33:53.292Z,144,0,97a22e62-abd7-400a-9d44-26b36cb26aff,144,0,1.15E-06,{}
Microsoft,matrix512,512,300,2018-04-26T12:33:55.274Z,386,0,b3133427-5389-4cb6-85d0-1a98124fee59,386,0,3.09E-06,{}
Microsoft,matrix512,512,400,2018-04-26T12:33:57.69Z,833,0,76050870-0a04-40cd-b736-3d5795898755,833,0,6.66E-06,{}
Microsoft,matrix512,512,500,2018-04-26T12:34:01.553Z,1546,0,53a4892c-56cd-4b27-8227-26e72f8d0f0c,1546,0,1.24E-05,{}
Microsoft,matrix512,512,600,2018-04-26T12:34:08.356Z,5261,0,c411760f-3cb3-4df2-a716-4c6601de0313,5261,2,4.21E-05,{}
Microsoft,matrix512,512,700,2018-04-26T12:34:18.131Z,7509,0,a085d520-7f32-462f-8310-384c323ae174,7509,3,6.01E-05,{}
Microsoft,matrix512,512,800,2018-04-26T12:34:35.247Z,15005,0,15875244-929a-4e91-9d65-6a5ba7098148,15005,7,0.00012004,{}
Microsoft,matrix512,512,900,2018-04-26T12:34:58.551Z,21785,0,d65f986d-83a0-42b5-9c19-0f8d6f8d6529,21785,10,0.00017428,{}
Microsoft,matrix512,512,1000,2018-04-26T12:35:00.622Z,31016,0,e7c23a19-57e6-4396-8514-3381a68fe2f0,31016,15,0.000248128,{}
Microsoft,matrix1024,1024,100,2018-04-26T12:37:40.746Z,30,0,c25e4dc2-bc1b-4451-8817-cda11dc1b37d,30,0,4.80E-07,{}
Microsoft,matrix1024,1024,200,2018-04-26T12:37:42.477Z,115,0,e358379e-ee32-4b24-8d84-588f63435c33,115,0,1.84E-06,{}
Microsoft,matrix1024,1024,300,2018-04-26T12:37:44.751Z,405,0,d951008b-28ca-4a61-8fa0-8172191ee496,405,0,6.48E-06,{}
Microsoft,matrix1024,1024,400,2018-04-26T12:37:47.117Z,792,0,a0816b08-c0e6-4e84-9e97-1c0309f8358f,792,0,1.27E-05,{}
Microsoft,matrix1024,1024,500,2018-04-26T12:37:51.006Z,1709,0,cd099f6c-156a-4a54-be53-12432fe91714,1709,1,2.73E-05,{}
Microsoft,matrix1024,1024,600,2018-04-26T12:37:56.091Z,3447,0,6f53038d-c406-410f-b2df-ba807dcd51b9,3447,3,5.52E-05,{}
Microsoft,matrix1024,1024,700,2018-04-26T12:38:05.088Z,7391,0,506dc57e-2e12-49ae-a484-1b96c5616933,7391,7,0.000118256,{}
Microsoft,matrix1024,1024,800,2018-04-26T12:38:06.704Z,14856,0,bc3ceb10-98d8-4732-8654-646b9b51599b,14856,14,0.000237696,{}
Microsoft,matrix1024,1024,900,2018-04-26T12:38:46.2Z,22890,0,0791919d-ca47-4439-849c-955691c2aef6,22890,22,0.00036624,{}
Microsoft,matrix1024,1024,1000,2018-04-26T12:38:47.803Z,31169,0,025ec0ef-e2b6-4a78-be64-5f4f985c8406,31169,31,0.000498704,{}
Microsoft,matrix2048,2048,100,2018-04-26T12:41:24.105Z,31,0,cc282b77-1a24-4a3b-84e0-56447ce9a7b8,31,0,9.92E-07,{}
Microsoft,matrix2048,2048,200,2018-04-26T12:41:25.835Z,126,0,9accb3df-3dde-4390-8015-2f77cdb6c9c8,126,0,4.03E-06,{}
Microsoft,matrix2048,2048,300,2018-04-26T12:41:27.844Z,376,0,66f4840c-05f8-493b-b4cb-db720b4c8aaa,376,0,1.20E-05,{}
Microsoft,matrix2048,2048,400,2018-04-26T12:41:30.817Z,752,0,fecaa942-e3af-43da-9fe7-aa802bbd0506,752,1,2.41E-05,{}
Microsoft,matrix2048,2048,500,2018-04-26T12:41:34.114Z,1641,0,d263292a-6f57-4e82-bbb0-ba5a4497f5b5,1641,3,5.25E-05,{}
Microsoft,matrix2048,2048,600,2018-04-26T12:41:39.276Z,3571,0,23dd5314-9aa1-48e9-84c3-9f90a222ba3f,3571,7,0.000114272,{}
Microsoft,matrix2048,2048,700,2018-04-26T12:41:47.686Z,6599,0,f9c30aaa-5f6f-409d-9737-5f73b9d40b8f,6599,13,0.000211168,{}
Microsoft,matrix2048,2048,800,2018-04-26T12:42:04.412Z,14506,0,40b3f820-4fd0-449a-a3f8-4d58c6892e26,14506,29,0.000464192,{}
Microsoft,matrix2048,2048,900,2018-04-26T12:42:06.045Z,21471,0,4425b3d3-978e-4d76-889d-d4ad0a976bc4,21471,42,0.000687072,{}
Microsoft,matrix2048,2048,1000,2018-04-26T12:43:00.938Z,31286,0,36269601-08e9-40b6-89e3-8f0dfe62477b,31286,62,0.001001152,{}
Google,matrix128,128,100,2018-04-26T15:00:12.973226319Z,444,0,ukvoamk8vpun,500,0,1.03E-06,{}
Google,matrix128,128,200,2018-04-26T15:00:15.869797949Z,1165,0,ukvov8trkyml,1200,0,2.48E-06,{}
Google,matrix128,128,300,2018-04-26T15:00:20.275857535Z,2718,0,ukvorcuwf46o,2800,0,5.78E-06,{}
Google,matrix128,128,400,2018-04-26T15:00:28.97274324Z,6675,0,ukvo282vd6vg,6700,0,1.38E-05,{}
Google,matrix128,128,500,2018-04-26T15:00:46.270861707Z,15315,0,ukvocv03pb0v,15400,1,3.18E-05,{}
Google,matrix128,128,600,2018-04-26T15:01:27.075673318Z,38923,0,ukvo9919mrfb,39000,4,8.04E-05,{}
Google,matrix128,128,700,2018-04-26T15:02:33.071665754Z,63548,0,ukvof6lmowby,63600,7,0.000131175,{}
Google,matrix128,128,800,2018-04-26T15:04:04.374307569Z,89544,0,ukvo90nqzo71,89600,11,0.0001848,{}
Google,matrix128,128,900,2018-04-26T15:04:21.250111359Z,13203,0,uqzf0y7nrkya,13300,1,2.74E-05,{}
Google,matrix128,128,1000,2018-04-26T15:08:03.570323833Z,220665,0,ukvopvcsx9u8,220700,27,0.000455194,{}
Google,matrix256,256,100,2018-04-26T15:17:14.616738991Z,110,0,54hdk76le381,200,0,8.25E-07,{}
Google,matrix256,256,200,2018-04-26T15:17:16.612379445Z,395,0,54hdq2h1mzw2,400,0,1.65E-06,{}
Google,matrix256,256,300,2018-04-26T15:17:20.015159438Z,1285,0,54hdy0ij12fy,1300,0,5.36E-06,{}
Google,matrix256,256,400,2018-04-26T15:17:24.619148048Z,2981,0,54hdk02cktuc,3000,0,1.24E-05,{}
Google,matrix256,256,500,2018-04-26T15:17:34.123776405Z,7683,0,54hdj7ltomze,7700,1,3.18E-05,{}
Google,matrix256,256,600,2018-04-26T15:17:57.704965096Z,21664,0,54hd2ysu77pj,21700,5,8.95E-05,{}
Google,matrix256,256,700,2018-04-26T15:18:30.009797848Z,29756,0,54hdg61ju5j0,29800,7,0.000122925,{}
Google,matrix256,256,800,2018-04-26T15:19:19.814611082Z,48140,0,54hdbj2ssmbw,48200,12,0.000198825,{}
Google,matrix256,256,900,2018-04-26T15:20:37.111930575Z,75638,0,54hdlpifre1q,75700,18,0.000312263,{}
Google,matrix256,256,1000,2018-04-26T15:21:02.198619088Z,20788,0,eirxy4vle0il,20800,5,8.58E-05,{}
Google,matrix512,512,100,2018-04-26T15:26:26.952304102Z,148,0,1onsmrm3rn3s,200,0,1.65E-06,{}
Google,matrix512,512,200,2018-04-26T15:26:29.184343421Z,306,0,1onsg2ojv75f,400,0,3.30E-06,{}
Google,matrix512,512,300,2018-04-26T15:26:31.76590787Z,561,0,1onsii1ctkdw,600,0,4.95E-06,{}
Google,matrix512,512,400,2018-04-26T15:26:34.277303049Z,928,0,1onspsfkcece,1000,0,8.25E-06,{}
Google,matrix512,512,500,2018-04-26T15:26:38.181322825Z,2169,0,1onsdvgi51oo,2200,1,1.82E-05,{}
Google,matrix512,512,600,2018-04-26T15:26:48.772280402Z,8385,0,1onsy6sxir10,8400,4,6.93E-05,{}
Google,matrix512,512,700,2018-04-26T15:27:02.280013794Z,11358,0,1onsj8wijna4,11400,5,9.41E-05,{}
Google,matrix512,512,800,2018-04-26T15:27:19.964505862Z,16024,0,1onsi77qe48z,16100,8,0.000132825,{}
Google,matrix512,512,900,2018-04-26T15:27:48.585353755Z,27017,0,1onsx496czwa,27100,13,0.000223575,{}
Google,matrix512,512,1000,2018-04-26T15:28:30.873858777Z,39015,0,1ons9xdm4rzi,39100,19,0.000322575,{}
Google,matrix1024,1024,100,2018-04-26T15:31:08.796818787Z,28,0,k3eaxts3mz3y,100,0,1.65E-06,{}
Google,matrix1024,1024,200,2018-04-26T15:31:11.075736942Z,158,0,k3ea7r3u1b71,200,0,3.30E-06,{}
Google,matrix1024,1024,300,2018-04-26T15:31:13.104058184Z,437,0,k3eaoy2fpcix,500,0,8.25E-06,{}
Google,matrix1024,1024,400,2018-04-26T15:31:15.319226911Z,581,0,k3ea9d56shvc,600,0,9.90E-06,{}
Google,matrix1024,1024,500,2018-04-26T15:31:18.377119438Z,1463,0,k3ea5nyowovi,1500,1,2.48E-05,{}
Google,matrix1024,1024,600,2018-04-26T15:31:25.856803596Z,5379,0,k3eagcb3hsvs,5400,5,8.91E-05,{}
Google,matrix1024,1024,700,2018-04-26T15:31:35.803590855Z,8265,0,k3eamqdrcjun,8300,8,0.00013695,{}
Google,matrix1024,1024,800,2018-04-26T15:31:48.554943754Z,10898,0,k3ea43qq4p4z,10900,10,0.00017985,{}
Google,matrix1024,1024,900,2018-04-26T15:32:06.970997853Z,16285,0,k3ea6cnu8is9,16300,16,0.00026895,{}
Google,matrix1024,1024,1000,2018-04-26T15:32:34.200241144Z,25102,0,k3eafg6s8t4r,25200,25,0.0004158,{}
Google,matrix2048,2048,100,2018-04-26T15:34:15.289916452Z,117,0,uzobuh0d4bzi,200,0,6.60E-06,{}
Google,matrix2048,2048,200,2018-04-26T15:34:18.262281565Z,96,0,uzobne9api4r,100,0,3.30E-06,{}
Google,matrix2048,2048,300,2018-04-26T15:34:20.725241675Z,288,0,uzoblhn7skpc,300,0,9.90E-06,{}
Google,matrix2048,2048,400,2018-04-26T15:34:23.070868463Z,679,0,uzob6kc0xowl,700,1,2.31E-05,{}
Google,matrix2048,2048,500,2018-04-26T15:34:26.397920391Z,1595,0,uzob4azq9ron,1600,3,5.28E-05,{}
Google,matrix2048,2048,600,2018-04-26T15:34:32.198698785Z,3780,0,uzobdccvwea5,3800,7,0.0001254,{}
Google,matrix2048,2048,700,2018-04-26T15:34:42.020248773Z,8205,0,uzobdrs2ip2w,8300,16,0.0002739,{}
Google,matrix2048,2048,800,2018-04-26T15:34:55.047567467Z,11203,0,uzobiv0jbi7u,11300,22,0.0003729,{}
Google,matrix2048,2048,900,2018-04-26T15:35:14.954978374Z,18189,0,uzob5r2ifdjx,18200,36,0.0006006,{}
Google,matrix2048,2048,1000,2018-04-26T15:35:39.866642074Z,23254,0,uzob2u5f79op,23300,46,0.0007689,{}
openWhisk,matrix128,128,100,2018-04-26T15:54:36Z,26,0,83bf69d64b8744bbbf69d64b8794bbd7,100,0,2.13E-07,{}
openWhisk,matrix128,128,200,2018-04-26T15:54:36Z,70,0,98df28b502ca427c9f28b502ca027cc7,100,0,2.13E-07,{}
openWhisk,matrix128,128,300,2018-04-26T15:54:36Z,266,0,24a6fb6bae6b4431a6fb6bae6b4431e1,300,0,6.37E-07,{}
openWhisk,matrix128,128,400,2018-04-26T15:54:37Z,382,0,921ccf2a72254ad49ccf2a7225aad427,400,0,8.50E-07,{}
openWhisk,matrix128,128,500,2018-04-26T15:54:37Z,1115,0,dc1379e842064b779379e842068b77ea,1200,0,2.55E-06,{}
openWhisk,matrix128,128,600,2018-04-26T15:54:38Z,2108,0,5b94f0477ca6428694f0477ca6c28639,2200,0,4.68E-06,{}
openWhisk,matrix128,128,700,2018-04-26T15:54:41Z,3029,0,1de6ab8677c34fd5a6ab8677c32fd5b0,3100,0,6.59E-06,{}
openWhisk,matrix128,128,800,2018-04-26T15:54:45Z,4216,0,fa8199df5bbe4a078199df5bbeda07a7,4300,0,9.14E-06,{}
openWhisk,matrix128,128,900,2018-04-26T15:54:49Z,5877,0,9b91cbafaba445d491cbafaba4b5d4d8,5900,0,1.25E-05,{}
openWhisk,matrix128,128,1000,2018-04-26T15:54:56Z,8365,0,7b967cf428604e10967cf42860de106f,8400,1,1.79E-05,{}
openWhisk,matrix256,256,100,2018-04-26T15:55:55Z,23,0,7d40b90caf7f496680b90caf7f596611,100,0,4.25E-07,{}
openWhisk,matrix256,256,200,2018-04-26T15:55:55Z,65,0,b1245fade231451ea45fade231e51eeb,100,0,4.25E-07,{}
openWhisk,matrix256,256,300,2018-04-26T15:55:56Z,161,0,f39505114149433c9505114149333c51,200,0,8.50E-07,{}
openWhisk,matrix256,256,400,2018-04-26T15:55:56Z,529,0,7645e2f419074ef885e2f419079ef81f,600,0,2.55E-06,{}
openWhisk,matrix256,256,500,2018-04-26T15:55:56Z,1053,0,2db97d5a1727445eb97d5a1727345ed5,1100,0,4.68E-06,{}
openWhisk,matrix256,256,600,2018-04-26T15:55:58Z,1384,0,9e5be5084d3e42cc9be5084d3ee2cce4,1400,0,5.95E-06,{}
openWhisk,matrix256,256,700,2018-04-26T15:55:59Z,3572,0,746568ff4a5c443fa568ff4a5c543ff2,3600,0,1.53E-05,{}
openWhisk,matrix256,256,800,2018-04-26T15:56:03Z,4281,0,c7a7e35035ad4774a7e35035ad1774e8,4300,1,1.83E-05,{}
openWhisk,matrix256,256,900,2018-04-26T15:56:07Z,6185,0,0080e1cad35d407280e1cad35d607282,6200,1,2.64E-05,{}
openWhisk,matrix256,256,1000,2018-04-26T15:56:14Z,8917,0,0095a3283a7549ac95a3283a75d9aca7,9000,2,3.83E-05,{}
openWhisk,matrix512,512,100,2018-04-26T15:57:14Z,21,0,c5d66f704c8e417d966f704c8e317dac,100,0,8.50E-07,{}
openWhisk,matrix512,512,200,2018-04-26T15:57:14Z,53,0,eecdaeb6ad2846ee8daeb6ad2846ee47,100,0,8.50E-07,{}
openWhisk,matrix512,512,300,2018-04-26T15:57:14Z,150,0,d2e5763b94d54470a5763b94d5e47096,200,0,1.70E-06,{}
openWhisk,matrix512,512,400,2018-04-26T15:57:14Z,274,0,3f16782be1954fc696782be1956fc6e1,300,0,2.55E-06,{}
openWhisk,matrix512,512,500,2018-04-26T15:57:15Z,770,0,4e2fdebf62ba48b0afdebf62ba48b0d3,800,0,6.80E-06,{}
openWhisk,matrix512,512,600,2018-04-26T15:57:16Z,1747,0,d7031e6d556744cb831e6d556794cba8,1800,0,1.53E-05,{}
openWhisk,matrix512,512,700,2018-04-26T15:57:17Z,2905,0,d5a6a22db70742e6a6a22db707d2e6ac,3000,1,2.55E-05,{}
openWhisk,matrix512,512,800,2018-04-26T15:57:21Z,3909,0,55c87a289e63430e887a289e63130e39,4000,2,3.40E-05,{}
openWhisk,matrix512,512,900,2018-04-26T15:57:25Z,5834,0,04cb4ecac05343d48b4ecac05393d483,5900,2,5.02E-05,{}
openWhisk,matrix512,512,1000,2018-04-26T15:57:31Z,10158,0,afa13a937fbd4d3fa13a937fbd8d3f64,10200,5,8.67E-05,{}
openWhisk,matrix1024,1024,100,2018-04-26T15:58:27Z,21,0,0d16afc332d0427796afc332d08277e9,100,0,1.70E-06,{}
openWhisk,matrix1024,1024,200,2018-04-26T15:58:28Z,57,0,ed0046e8d1cf4ce48046e8d1cf3ce4f4,100,0,1.70E-06,{}
openWhisk,matrix1024,1024,300,2018-04-26T15:58:28Z,155,0,3851dc2c8828438f91dc2c8828938fe5,200,0,3.40E-06,{}
openWhisk,matrix1024,1024,400,2018-04-26T15:58:28Z,254,0,c3af5b435aab444daf5b435aab044dfc,300,0,5.10E-06,{}
openWhisk,matrix1024,1024,500,2018-04-26T15:58:28Z,539,0,b58eb0d3a9334a2a8eb0d3a9339a2a0f,600,0,1.02E-05,{}
openWhisk,matrix1024,1024,600,2018-04-26T15:58:29Z,1380,0,a8c4910414e9466084910414e9e66015,1400,1,2.38E-05,{}
openWhisk,matrix1024,1024,700,2018-04-26T15:58:31Z,2987,0,03d974fc2f5549d99974fc2f5599d9ee,3000,3,5.10E-05,{}
openWhisk,matrix1024,1024,800,2018-04-26T15:58:34Z,3864,0,0254a784d89944f494a784d89904f410,3900,3,6.63E-05,{}
openWhisk,matrix1024,1024,900,2018-04-26T15:58:38Z,5807,0,67302bced19a46dcb02bced19ae6dcf2,5900,5,0.0001003,{}
openWhisk,matrix1024,1024,1000,2018-04-26T15:58:44Z,7522,0,02e6d2024927456da6d2024927c56d17,7600,7,0.0001292,{}
openWhisk,matrix2048,2048,100,2018-04-26T15:59:31Z,21,0,0d017ec4b62746fb817ec4b627c6fb5b,100,0,3.40E-06,{}
openWhisk,matrix2048,2048,200,2018-04-26T15:59:32Z,52,0,0a174970b9e64534974970b9e675341e,100,0,3.40E-06,{}
openWhisk,matrix2048,2048,300,2018-04-26T15:59:32Z,136,0,b5ae4cf4c1634e26ae4cf4c163ee26bf,200,0,6.80E-06,{}
openWhisk,matrix2048,2048,400,2018-04-26T15:59:32Z,232,0,f9825d72554e4de1825d72554e4de177,300,0,1.02E-05,{}
openWhisk,matrix2048,2048,500,2018-04-26T15:59:32Z,496,0,1060bfd3a1ec43a8a0bfd3a1ec53a89f,500,1,1.70E-05,{}
openWhisk,matrix2048,2048,600,2018-04-26T15:59:33Z,1723,0,c7e6129d867f4eaba6129d867f2eab22,1800,3,6.12E-05,{}
openWhisk,matrix2048,2048,700,2018-04-26T15:59:35Z,2243,0,52ab70f489104feaab70f489105fea0e,2300,4,7.82E-05,{}
openWhisk,matrix2048,2048,800,2018-04-26T15:59:37Z,3108,0,d6304f615bb74733b04f615bb79733c6,3200,6,0.0001088,{}
openWhisk,matrix2048,2048,900,2018-04-26T15:59:40Z,4588,0,42d1650a63c247ef91650a63c237ef11,4600,9,0.0001564,{}
openWhisk,matrix2048,2048,1000,2018-04-26T15:59:45Z,6357,0,7731f7ee05224d14b1f7ee05225d149b,6400,12,0.0002176,{}
IBM,matrix128,128,100,2018-04-26T16:44:14Z,20,0,c68e058167a747a18e058167a797a17a,100,0,2.13E-07,{}
IBM,matrix128,128,200,2018-04-26T16:44:15Z,73,0,386e530146e74c78ae530146e7ec7866,100,0,2.13E-07,{}
IBM,matrix128,128,300,2018-04-26T16:44:16Z,223,0,a1c138a2d0e543bf8138a2d0e5f3bf29,300,0,6.37E-07,{}
IBM,matrix128,128,400,2018-04-26T16:44:20Z,341,0,7b234d01916d496ea34d01916df96e3d,400,0,8.50E-07,{}
IBM,matrix128,128,500,2018-04-26T16:44:22Z,680,0,8d85e33e7dc14a1185e33e7dc18a1146,700,0,1.49E-06,{}
IBM,matrix128,128,600,2018-04-26T16:44:23Z,1371,0,dcc204376b5241108204376b52611060,1400,0,2.98E-06,{}
IBM,matrix128,128,700,2018-04-26T16:44:26Z,2166,0,cf2e761974944052ae76197494505292,2200,0,4.68E-06,{}
IBM,matrix128,128,800,2018-04-26T16:44:30Z,2901,0,47758442fc444343b58442fc44634387,3000,0,6.38E-06,{}
IBM,matrix128,128,900,2018-04-26T16:44:34Z,4607,0,934c07e682c74b6c8c07e682c70b6c21,4700,0,9.99E-06,{}
IBM,matrix128,128,1000,2018-04-26T16:44:40Z,6755,0,728b388f72d0488a8b388f72d0088ac8,6800,0,1.45E-05,{}
IBM,matrix256,256,100,2018-04-26T16:45:25Z,23,0,90be6732a52d4f99be6732a52d2f9986,100,0,4.25E-07,{}
IBM,matrix256,256,200,2018-04-26T16:45:26Z,60,0,63c7eb677107422487eb677107222433,100,0,4.25E-07,{}
IBM,matrix256,256,300,2018-04-26T16:45:27Z,174,0,635427550c6f4a629427550c6ffa626a,200,0,8.50E-07,{}
IBM,matrix256,256,400,2018-04-26T16:45:29Z,345,0,ebf5a69454494982b5a69454493982f6,400,0,1.70E-06,{}
IBM,matrix256,256,500,2018-04-26T16:45:30Z,619,0,e39c178f0b5245019c178f0b52b50150,700,0,2.98E-06,{}
IBM,matrix256,256,600,2018-04-26T16:45:32Z,1443,0,ebcbe9167e304d2f8be9167e309d2f16,1500,0,6.38E-06,{}
IBM,matrix256,256,700,2018-04-26T16:45:35Z,2189,0,5a1ae727579b432a9ae727579bd32a04,2200,0,9.35E-06,{}
IBM,matrix256,256,800,2018-04-26T16:45:38Z,2913,0,c324f89711314c13a4f89711315c1350,3000,0,1.28E-05,{}
IBM,matrix256,256,900,2018-04-26T16:45:42Z,4613,0,e666e31e5429448ba6e31e5429148bbe,4700,1,2.00E-05,{}
IBM,matrix256,256,1000,2018-04-26T16:45:49Z,6991,0,bdeae71e562744bdaae71e562794bdac,7000,1,2.98E-05,{}
IBM,matrix512,512,100,2018-04-26T16:46:35Z,24,0,03b4a7cfcee74ea7b4a7cfcee77ea70b,100,0,8.50E-07,{}
IBM,matrix512,512,200,2018-04-26T16:46:36Z,77,0,5372ff04ce6447b4b2ff04ce64d7b41b,100,0,8.50E-07,{}
IBM,matrix512,512,300,2018-04-26T16:46:38Z,227,0,0b5f4e5c6d3b457b9f4e5c6d3bb57b98,300,0,2.55E-06,{}
IBM,matrix512,512,400,2018-04-26T16:46:40Z,341,0,baa32b3bba9e4833a32b3bba9ed833fb,400,0,3.40E-06,{}
IBM,matrix512,512,500,2018-04-26T16:46:41Z,697,0,d680347acd864acf80347acd862acff9,700,0,5.95E-06,{}
IBM,matrix512,512,600,2018-04-26T16:46:43Z,1435,0,fe1de65e294c40669de65e294c2066cd,1500,0,1.28E-05,{}
IBM,matrix512,512,700,2018-04-26T16:46:45Z,2220,0,4cbdc51840e4432cbdc51840e4d32ce8,2300,1,1.96E-05,{}
IBM,matrix512,512,800,2018-04-26T16:46:49Z,2966,0,fd115773271b447d915773271b647db5,3000,1,2.55E-05,{}
IBM,matrix512,512,900,2018-04-26T16:46:54Z,5047,0,eb264fdb9a8542a5a64fdb9a85c2a5ba,5100,2,4.34E-05,{}
IBM,matrix512,512,1000,2018-04-26T16:47:00Z,7622,0,c9d07ef691f1450b907ef691f1850ba4,7700,3,6.55E-05,{}
IBM,matrix1024,1024,100,2018-04-26T16:47:53Z,23,0,f28bcfb8482547798bcfb84825177982,100,0,1.70E-06,{}
IBM,matrix1024,1024,200,2018-04-26T16:47:54Z,72,0,7c48698352d546c188698352d5a6c163,100,0,1.70E-06,{}
IBM,matrix1024,1024,300,2018-04-26T16:47:55Z,225,0,9a066fe5460e4a6e866fe5460e6a6efd,300,0,5.10E-06,{}
IBM,matrix1024,1024,400,2018-04-26T16:47:57Z,346,0,e2a6e057a6c54e2ba6e057a6c5fe2be7,400,0,6.80E-06,{}
IBM,matrix1024,1024,500,2018-04-26T16:47:58Z,718,0,61b3b69ff97444a3b3b69ff97404a30e,800,0,1.36E-05,{}
IBM,matrix1024,1024,600,2018-04-26T16:48:01Z,1403,0,aab1d48642284b08b1d48642284b0846,1500,1,2.55E-05,{}
IBM,matrix1024,1024,700,2018-04-26T16:48:03Z,2121,0,2834803c4138459ab4803c4138d59ade,2200,2,3.74E-05,{}
IBM,matrix1024,1024,800,2018-04-26T16:48:06Z,2956,0,3dbe3bb045334477be3bb04533247780,3000,3,5.10E-05,{}
IBM,matrix1024,1024,900,2018-04-26T16:48:10Z,4719,0,6c698668c89b44afa98668c89b94aff7,4800,4,8.16E-05,{}
IBM,matrix1024,1024,1000,2018-04-26T16:48:16Z,6642,0,0f34c7e92f184894b4c7e92f1898943d,6700,6,0.0001139,{}
IBM,matrix2048,2048,100,2018-04-26T16:49:02Z,22,0,154f74bb5d43475b8f74bb5d43a75bc0,100,0,3.40E-06,{}
IBM,matrix2048,2048,200,2018-04-26T16:49:03Z,75,0,7412ae03e90347be92ae03e90337bedb,100,0,3.40E-06,{}
IBM,matrix2048,2048,300,2018-04-26T16:49:04Z,190,0,b6a4cf393efe4877a4cf393efec8775c,200,0,6.80E-06,{}
IBM,matrix2048,2048,400,2018-04-26T16:49:05Z,341,0,c55433bd70e84a289433bd70e83a2843,400,0,1.36E-05,{}
IBM,matrix2048,2048,500,2018-04-26T16:49:06Z,688,0,ed874a1faf574bac874a1faf570bacf2,700,1,2.38E-05,{}
IBM,matrix2048,2048,600,2018-04-26T16:49:09Z,1401,0,cda7c5943f6d4e15a7c5943f6dbe158c,1500,3,5.10E-05,{}
IBM,matrix2048,2048,700,2018-04-26T16:49:11Z,2958,0,4f17dcce9244443097dcce92445430e1,3000,6,0.000102,{}
IBM,matrix2048,2048,800,2018-04-26T16:49:15Z,3096,0,7ad681ff54f94dde9681ff54f90ddeff,3100,6,0.0001054,{}
IBM,matrix2048,2048,900,2018-04-26T16:49:20Z,4929,0,b8294348c44f4147a94348c44f51477f,5000,10,0.00017,{}
IBM,matrix2048,2048,1000,2018-04-26T16:49:26Z,8437,0,6f3a88d0b9574e0eba88d0b9577e0e96,8500,17,0.000289,{}
openWhisk,matrix128,128,100,2018-04-26T16:55:40Z,15,0,5a7539d08d224512b539d08d22651282,100,0,2.13E-07,{}
openWhisk,matrix128,128,200,2018-04-26T16:55:41Z,83,0,b084d8005e7242d884d8005e7252d895,100,0,2.13E-07,{}
openWhisk,matrix128,128,300,2018-04-26T16:55:41Z,205,0,33a4f653821c4c1aa4f653821c3c1a86,300,0,6.37E-07,{}
openWhisk,matrix128,128,400,2018-04-26T16:55:41Z,309,0,93155a848d164c37955a848d166c37e5,400,0,8.50E-07,{}
openWhisk,matrix128,128,500,2018-04-26T16:55:41Z,896,0,86cee6aa503b48c18ee6aa503b88c10f,900,0,1.91E-06,{}
openWhisk,matrix128,128,600,2018-04-26T16:55:42Z,2188,0,067ce71411e746b2bce71411e7c6b273,2200,0,4.68E-06,{}
openWhisk,matrix128,128,700,2018-04-26T16:55:45Z,3315,0,6d8a90a3153a433a8a90a3153a433a34,3400,0,7.23E-06,{}
openWhisk,matrix128,128,800,2018-04-26T16:55:49Z,4293,0,a8a8ab18280d4021a8ab18280d60215c,4300,0,9.14E-06,{}
openWhisk,matrix128,128,900,2018-04-26T16:55:53Z,6102,0,459d24641b3f43f99d24641b3f23f938,6200,0,1.32E-05,{}
openWhisk,matrix128,128,1000,2018-04-26T16:55:59Z,8412,0,ebca8f1da33f40e98a8f1da33fa0e953,8500,1,1.81E-05,{}
openWhisk,matrix256,256,100,2018-04-26T16:56:56Z,32,0,17a1f722675a400aa1f722675ac00a8e,100,0,4.25E-07,{}
openWhisk,matrix256,256,200,2018-04-26T16:56:56Z,70,0,f944b13a4970417584b13a49708175a9,100,0,4.25E-07,{}
openWhisk,matrix256,256,300,2018-04-26T16:56:56Z,148,0,3c507a2761104b55907a2761102b5510,200,0,8.50E-07,{}
openWhisk,matrix256,256,400,2018-04-26T16:56:56Z,300,0,7a2f934d05884a1daf934d05880a1d1b,400,0,1.70E-06,{}
openWhisk,matrix256,256,500,2018-04-26T16:56:57Z,983,0,b19e142250fa4b7e9e142250fabb7e2f,1000,0,4.25E-06,{}
openWhisk,matrix256,256,600,2018-04-26T16:56:58Z,2076,0,27477c43de7246ef877c43de7236efbd,2100,0,8.93E-06,{}
openWhisk,matrix256,256,700,2018-04-26T16:57:00Z,3111,0,9df05550e7e84fb9b05550e7e81fb9b6,3200,0,1.36E-05,{}
openWhisk,matrix256,256,800,2018-04-26T16:57:04Z,4015,0,9171b75e3fa94e43b1b75e3fa95e43aa,4100,1,1.74E-05,{}
openWhisk,matrix256,256,900,2018-04-26T16:57:08Z,5934,0,ec5b1045a5164e349b1045a5162e3481,6000,1,2.55E-05,{}
openWhisk,matrix256,256,1000,2018-04-26T16:57:14Z,7847,0,ff375d4cd3194c11b75d4cd3191c11f4,7900,1,3.36E-05,{}
openWhisk,matrix512,512,100,2018-04-26T16:58:10Z,16,0,0910fc8f780a4d2990fc8f780a9d290a,100,0,8.50E-07,{}
openWhisk,matrix512,512,200,2018-04-26T16:58:10Z,64,0,548f6d94aca24cbc8f6d94aca23cbc09,100,0,8.50E-07,{}
openWhisk,matrix512,512,300,2018-04-26T16:58:10Z,200,0,a7934700946e44e6934700946e24e64d,300,0,2.55E-06,{}
openWhisk,matrix512,512,400,2018-04-26T16:58:10Z,299,0,3b8dbb9026e645348dbb9026e6c53450,300,0,2.55E-06,{}
openWhisk,matrix512,512,500,2018-04-26T16:58:11Z,776,0,96764727ec224bb4b64727ec22abb474,800,0,6.80E-06,{}
openWhisk,matrix512,512,600,2018-04-26T16:58:12Z,2172,0,aec7d2194ab7457687d2194ab7b57692,2200,1,1.87E-05,{}
openWhisk,matrix512,512,700,2018-04-26T16:58:14Z,3253,0,32da10c0ef32405c9a10c0ef32805cfa,3300,1,2.81E-05,{}
openWhisk,matrix512,512,800,2018-04-26T16:58:18Z,3757,0,a2863549248e476a863549248e976a09,3800,1,3.23E-05,{}
openWhisk,matrix512,512,900,2018-04-26T16:58:22Z,5369,0,6a23a768c3b64fe4a3a768c3b63fe412,5400,2,4.59E-05,{}
openWhisk,matrix512,512,1000,2018-04-26T16:58:27Z,8109,0,8bf2151eadbe41a4b2151eadbef1a488,8200,4,6.97E-05,{}
openWhisk,matrix1024,1024,100,2018-04-26T16:59:21Z,21,0,3b31e31b4464469db1e31b4464a69dcd,100,0,1.70E-06,{}
openWhisk,matrix1024,1024,200,2018-04-26T16:59:21Z,48,0,9dfda53698fc4876bda53698fc48763e,100,0,1.70E-06,{}
openWhisk,matrix1024,1024,300,2018-04-26T16:59:21Z,136,0,d5999a8d32ef4b8c999a8d32ef4b8cd1,200,0,3.40E-06,{}
openWhisk,matrix1024,1024,400,2018-04-26T16:59:22Z,235,0,3fba9d25be8f4514ba9d25be8f45148a,300,0,5.10E-06,{}
openWhisk,matrix1024,1024,500,2018-04-26T16:59:22Z,528,0,a6390778c6ca4b13b90778c6ca4b13b1,600,0,1.02E-05,{}
openWhisk,matrix1024,1024,600,2018-04-26T16:59:23Z,1360,0,e8bf21b1afac482ebf21b1afaca82ea0,1400,1,2.38E-05,{}
openWhisk,matrix1024,1024,700,2018-04-26T16:59:24Z,2341,0,195ede2bf61740d89ede2bf61730d88c,2400,2,4.08E-05,{}
openWhisk,matrix1024,1024,800,2018-04-26T16:59:27Z,3986,0,3d838a4582064ff4838a458206bff466,4000,4,6.80E-05,{}
openWhisk,matrix1024,1024,900,2018-04-26T16:59:31Z,5689,0,74953eb8d97d45a8953eb8d97d75a820,5700,5,9.69E-05,{}
openWhisk,matrix1024,1024,1000,2018-04-26T16:59:37Z,6992,0,08cea0123752479e8ea0123752879e64,7000,7,0.000119,{}
openWhisk,matrix2048,2048,100,2018-04-26T17:00:25Z,18,0,63b09556941b4151b09556941bd15152,100,0,3.40E-06,{}
openWhisk,matrix2048,2048,200,2018-04-26T17:00:25Z,51,0,9c6a1e9ddacc4206aa1e9ddaccb20602,100,0,3.40E-06,{}
openWhisk,matrix2048,2048,300,2018-04-26T17:00:25Z,145,0,9643e48dd5414ef783e48dd541fef71d,200,0,6.80E-06,{}
openWhisk,matrix2048,2048,400,2018-04-26T17:00:25Z,247,0,bab051cff7b447d8b051cff7b4a7d8f8,300,0,1.02E-05,{}
openWhisk,matrix2048,2048,500,2018-04-26T17:00:26Z,626,0,f897487d3ffa409697487d3ffa80966f,700,1,2.38E-05,{}
openWhisk,matrix2048,2048,600,2018-04-26T17:00:26Z,1114,0,833343fde695453ab343fde695553aa8,1200,2,4.08E-05,{}
openWhisk,matrix2048,2048,700,2018-04-26T17:00:28Z,2053,0,4766115520524e12a6115520520e12bf,2100,4,7.14E-05,{}
openWhisk,matrix2048,2048,800,2018-04-26T17:00:30Z,2877,0,657b641fb85943b7bb641fb85943b7a1,2900,5,9.86E-05,{}
openWhisk,matrix2048,2048,900,2018-04-26T17:00:33Z,4741,0,a4f46fe292524fc9b46fe29252ffc999,4800,9,0.0001632,{}
openWhisk,matrix2048,2048,1000,2018-04-26T17:00:38Z,6903,0,8623f1d2eb314504a3f1d2eb31850408,7000,14,0.000238,{}
